[
{
  "model": "auth.user",
  "fields": {
    "password": "pbkdf2_sha256$1000000$2ARnyzvbKNX07aEjB3U3oj$viMyLtktS6woPCYXpOGeRFYwyW6TLGk0jiDFTXRm3qI=",
    "last_login": "2026-03-08T08:27:46.382Z",
    "is_superuser": true,
    "username": "admin",
    "first_name": "",
    "last_name": "",
    "email": "admin@example.com",
    "is_staff": true,
    "is_active": true,
    "date_joined": "2026-03-02T15:22:14.678Z",
    "groups": [],
    "user_permissions": []
  }
},
{
  "model": "sessions.session",
  "pk": "392riu5x2tt6953ft174729s9ysu6woh",
  "fields": {
    "session_data": "e30:1w0E6D:2nfQqmmOJAM3G-Xy2JYton3OJRzAhRlHOcw75j2UmUQ",
    "expire_date": "2026-03-25T07:35:21.125Z"
  }
},
{
  "model": "sessions.session",
  "pk": "aaz0dkfpc7ent6qtqym6x52qb0molqu5",
  "fields": {
    "session_data": "e30:1vyagC:UgvgpZATIL9gQJlCrt4hq0j6zMM17kdJRZyqbjdbMfo",
    "expire_date": "2026-03-20T19:17:44.030Z"
  }
},
{
  "model": "sessions.session",
  "pk": "brki2b9eagihmczym1orr0pjtd8b6xg3",
  "fields": {
    "session_data": ".eJyNUc1ugzAMfpXJZ4ZInADhuPueYJuiNAkt6wQSAe1Q8e5THApM1aRdDPb3E-vzDYaz164z534IU2ehuYHpw7cfg2aax5ZDA0xCBggNoIQlg8mEK2o7jKO3U-S8z4VgLBIhS01U8XtTQAPiLhS78O0j216T0aeMqv2N8kAlJyxWy_3HP0weIGH_VnnYdtAVNGnIqdakpYqSqoONW9-5JtkQVyTuE33aBDwTQo4CqRa7oygPHvXmHrTSMbQbUHSUPsWbotkOxIgSoz7YJHuTlkgb0XZo1wiWJaOrx4Q116iDD6Eb-v_cfslAm3m66Dn4UXduPflhdjL26vsIuE_Tn4fcDv00dqc8UvIVDfnr4PzXy8r9ZXAx4QIN1NJ4rpiohVUCsa1aoTxrC1SqUMw7FNahqirlSqX8yTtphBGKSyxlXbUGlh-nqdOP:1w0kfl:UAS5-kAPT0lx031MWGjkz5-NX4Az69a4ddXWlt0W6Lg",
    "expire_date": "2026-03-26T18:22:13.349Z"
  }
},
{
  "model": "sessions.session",
  "pk": "bxuw73q4n83vfzxngowl7ba97egt093v",
  "fields": {
    "session_data": ".eJylUctuhDAM_JXKZ4oIcYBw7L1f0FZRSAJLtwKJsOphxb9XcXhVq556MdieGY0zd1D6Nl_UzbtJ9RZqYJCcZ402VzeEhf3UQzemZhzmqW_SAEnXrU9fR-u-XlbsL4GL9heooRLa5ZJhhUYi523ZonSszbiUmWTOcjSWy7KUtpDSNc4KjRplLnghqrLVkMDYOWV73Q2jn3sD9R304L_d5BVTeWjzYF9AAhxq4AKWBGbtr1yZcZqcmQPm_ZYhY-ud1ARWvjUZ1IAbEQ_iG8g0MGINUI5Uy3-2TMJHsh8igsUiGDrsF2cXxMs2mf3HPUweVmj-ZrnDgyqhjsOcakVcqlxQDfmu2GrD6ihD2HibeKJPGxfPtCFF5FSzQxGLk0a1q3slVcjjDpQKBUvJxafZs2cECSmeZKK8jiaiI3LHzfoEy7L8AH931rI:1vx5Ai:hWAvdUh0lIT8WEIR3j1BHHfD57OaCe6-4A20hc1ljT4",
    "expire_date": "2026-03-16T15:27:00.094Z"
  }
},
{
  "model": "sessions.session",
  "pk": "hm4lgxp6c1zek4qt9yws2nrmnjazth3c",
  "fields": {
    "session_data": ".eJx1kd1qwzAMhV9lnGsXEv9kWV5lKyK4XgmDBOKUXYS8-9Bxm2yU3cjWz_kk2Suma5Klz19ixUlOOQ_TiG5FP-bvNGepxapr0aEOMHDo4AK2zVB6GfrrOOVliFqlICdxmucUFw183Cpf16qFKY6C7MOp0MFjMxQ2h_CdaVfd645Leoo8pXz8X5VwNvtmb6L9V3AK7sZJdbmjSEMrODUJfSGX-wsPX9C08d54J8jrQ2lpW45I6wLtBXtt-7cLkb7gQ-n1WRInZkj0jrZMRKJvfjHanZ4l6CqNvj8_cPsBVJyN0w:1vyaWU:23n1zgUnnTtn8OasbuxAtzj_KWVf7WHIg4ninw2tlcc",
    "expire_date": "2026-03-20T19:07:42.205Z"
  }
},
{
  "model": "sessions.session",
  "pk": "oyqybr71u558rh3fy6ak24sa5rostzgt",
  "fields": {
    "session_data": ".eJxVjMsKgzAQRf9l1hLUTNRx2X2_oJQwJuOjLQZMXIn_XkQX7erAPYe7QRjE-omHOcQ0OWg3SBzfaF1YFnEJ2gc0KkfIDhQnzInyRAXPPQPLaxrtGmWxk4cWjvRn69i9ZT6Ef_E8BOXCnJapU0eiLhvVPXj53K7272DkOEILjWEpqcAGHaHWfd0jSdHnmiinQrxG5zXVNfmKSDrxhpGRSqMr09Q9w_4FSANLCQ:1vz9zJ:wlI0CcSMmAbd-_nlIJSp7zQtmhymgKtRc1tQ728nXbU",
    "expire_date": "2026-03-22T08:59:49.342Z"
  }
},
{
  "model": "main.userprofile",
  "pk": 1,
  "fields": {
    "user": [
      "admin"
    ],
    "email_confirmed": false,
    "first_name": "",
    "last_name": "",
    "grade": "",
    "telegram_username": "",
    "telegram_id": null
  }
},
{
  "model": "main.ogetextanalysistask",
  "pk": 1,
  "fields": {
    "title": "Текст о ягодах (задания 2–3)",
    "text_content": "(1)С незапамятных времён человек употребляет в пищу дикорастущие плоды и ягоды, обладающие неповторимым ароматом и вкусом. (2)Клюква, брусника, черника, малина, земляника, калина — настоящие кладовые витаминов. (3)Собирать плоды и ягоды следует в сухую прохладную погоду, потому что в жаркую погоду они быстро вянут, так как содержат меньше сока. (4)Нельзя собирать несозревшие плоды, лучше оставить их дозреть, чтобы они налились соком, набрав больше витаминов. (5)При сборе будьте осторожны: старайтесь не топтать плодовые кустики.",
    "author": "",
    "source": "",
    "order": 1,
    "is_active": true
  }
},
{
  "model": "main.ogetextanalysistask",
  "pk": 2,
  "fields": {
    "title": "Правописание (задание 6)",
    "text_content": "",
    "author": "",
    "source": "",
    "order": 2,
    "is_active": true
  }
},
{
  "model": "main.ogetextanalysistask",
  "pk": 3,
  "fields": {
    "title": "Текст И.С. Шмелёва (задания 10–12)",
    "text_content": "(1)Впервые я увидал дядю, когда мне было лет девять. (2)Мы только что приехали из другого города, где я родился, а дядя по старости не выезжал никуда и, должно быть, знал обо мне только по письмам. (3)У нас часто говорили о нём, называли странным и «книжным» человеком, пожимали плечами и удивлялись, что он слишком много тратит на какие-то никому не нужные вещи. (4)Я ждал с нетерпением, когда меня повезут к нему, но поездку откладывали со дня на день.\n(5)Случилось как-то, что нашего дворника послали к дяде с запиской, и я, потеряв терпение, не сказав никому ни слова, отправился самостоятельно. (6)Это было моё первое самостоятельное путешествие.\n(7)У меня постукивало сердце, когда я поднимался по лестнице, но, когда старичок-слуга снял с меня шубку и впустил в комнаты, я потерялся. (8)В комнатах совсем не было стен, по крайней мере я их не видел. (9)Были пол, потолок, окна, двери и... книги. (10)Они шли стройными рядами всюду, куда я ни глядел, в решётчатых полках, точно их собрали сюда со всего света. (11)На самой крайней полочке, совсем под потолком, сидела большая голубоватая сова. (12)В комнате стоял полумрак и было тихо, торжественно-тихо, как в пустой церкви.\n(13)В углу, у окна, в глубоком кожаном кресле сидел он, мой дядя, и держал книгу. (14)На коврике, у его ног, спал крупный дымчатый кот. (15)Я стоял в дверях, не решался переступить. (16)Дядя услышал шорох, повернул голову, и я увидал худое, плохо выбритое лицо и всматривающиеся в темноту усталые глаза. (17)Казалось, он старался понять, кто я такой. (18)Путаясь в словах, я объяснился.\n— (19)Поди-ка сюда, голова, — сказал он и поманил пальцем.\n(20)Я приблизился с чувством благоговения и некоторого страха.\n— (21)Вот ты какой, — сказал дядя и потрепал меня по щеке. — (22)Каков, однако, ферт! (23)Один заявился!.. (24)Ну, здравствуй. (25)Так это ты большой любитель чтения?\n(26)В тоне голоса я уловил похвалу и из скромности опустил глаза.\n— (27)Очень рад тебя видеть...\n(28)Из проволочной корзинки он достал яблоко и дал мне.\n(29)Через пять минут я чувствовал себя как дома, сидел на скамеечке, рядом с храпевшим котом, глазел на поразившие меня ряды книг.\n— (30)Ну что ты читал, дружок? — спрашивал дядя.\n...\n(57)Должно быть, радость, которую я пережил в этот момент, отразилась на моей физиономии: дядя взял меня за подбородок и, глядя в глаза, сказал:\n— Книги, которые я буду давать тебе, можешь оставлять у себя. (58)Пусть это будет началом твоей библиотеки. (59)Пусть они будут твоими друзьями.\n(60)Как это было давно, но как до сих пор ярко встаёт в моей памяти!\n(61)В тот памятный вечер в моём сердце затеплилась искра. (62)Почти строгий тон дядиных слов, когда говорил он о книгах, чёрные молчаливые ряды на полках и грустные сумерки — всё это будило во мне тихое чувство благоговения.\n\n(По И. С. Шмелёву*)\n* Иван Сергеевич Шмелёв (1873–1950) — русский писатель, мыслитель, публицист.",
    "author": "",
    "source": "",
    "order": 3,
    "is_active": true
  }
},
{
  "model": "main.ogetextquestion",
  "pk": 7,
  "fields": {
    "task": 1,
    "question_type": "multiple_choice",
    "question_text": "Укажите варианты ответов, в которых верно определена грамматическая основа в одном из предложений или в одной из частей сложного предложения текста, кликнув по чек-боксам.",
    "question_number": 2,
    "correct_answer": "15"
  }
},
{
  "model": "main.ogetextquestion",
  "pk": 8,
  "fields": {
    "task": 1,
    "question_type": "multiple_choice",
    "question_text": "Укажите варианты ответов, в которых даны верные характеристики предложений текста, кликнув по чек-боксам.",
    "question_number": 3,
    "correct_answer": "35"
  }
},
{
  "model": "main.ogetextquestion",
  "pk": 9,
  "fields": {
    "task": 2,
    "question_type": "multiple_choice",
    "question_text": "Укажите варианты ответов, в которых дано верное объяснение написания выделенного слова, кликнув по чек-боксам.",
    "question_number": 6,
    "correct_answer": "235"
  }
},
{
  "model": "main.ogetextquestion",
  "pk": 10,
  "fields": {
    "task": 3,
    "question_type": "multiple_choice",
    "question_text": "Какие из высказываний соответствуют содержанию текста? Укажите номера ответов, кликнув по чек-боксам.",
    "question_number": 10,
    "correct_answer": "15"
  }
},
{
  "model": "main.ogetextquestion",
  "pk": 11,
  "fields": {
    "task": 3,
    "question_type": "multiple_choice",
    "question_text": "Укажите варианты ответов, в которых средством выразительности речи является метафора, кликнув по чек-боксам.",
    "question_number": 11,
    "correct_answer": "35"
  }
},
{
  "model": "main.ogetextquestion",
  "pk": 12,
  "fields": {
    "task": 3,
    "question_type": "free_text",
    "question_text": "В предложениях 26–34 найдите фразеологизм с лексическим значением «свободно, без стеснения, хорошо». Выпишите этот фразеологизм.",
    "question_number": 12,
    "correct_answer": "как дома"
  }
},
{
  "model": "main.ogequestionoption",
  "pk": 26,
  "fields": {
    "question": 7,
    "option_text": "употребляет (предложение 1)",
    "option_number": 1,
    "is_correct": true,
    "orthogram_numbers": ""
  }
},
{
  "model": "main.ogequestionoption",
  "pk": 27,
  "fields": {
    "question": 7,
    "option_text": "настоящие кладовые (предложение 2)",
    "option_number": 2,
    "is_correct": false,
    "orthogram_numbers": ""
  }
},
{
  "model": "main.ogequestionoption",
  "pk": 28,
  "fields": {
    "question": 7,
    "option_text": "они быстро вянут (предложение 3)",
    "option_number": 3,
    "is_correct": false,
    "orthogram_numbers": ""
  }
},
{
  "model": "main.ogequestionoption",
  "pk": 29,
  "fields": {
    "question": 7,
    "option_text": "они налились (предложение 4)",
    "option_number": 4,
    "is_correct": false,
    "orthogram_numbers": ""
  }
},
{
  "model": "main.ogequestionoption",
  "pk": 30,
  "fields": {
    "question": 7,
    "option_text": "будьте осторожны (предложение 5)",
    "option_number": 5,
    "is_correct": true,
    "orthogram_numbers": ""
  }
},
{
  "model": "main.ogequestionoption",
  "pk": 31,
  "fields": {
    "question": 8,
    "option_text": "Предложение 1 простое неосложнённое.",
    "option_number": 1,
    "is_correct": false,
    "orthogram_numbers": ""
  }
},
{
  "model": "main.ogequestionoption",
  "pk": 32,
  "fields": {
    "question": 8,
    "option_text": "В предложении 2 содержится составное глагольное сказуемое.",
    "option_number": 2,
    "is_correct": false,
    "orthogram_numbers": ""
  }
},
{
  "model": "main.ogequestionoption",
  "pk": 33,
  "fields": {
    "question": 8,
    "option_text": "Предложение 3 сложноподчинённое с последовательным подчинением придаточных.",
    "option_number": 3,
    "is_correct": true,
    "orthogram_numbers": ""
  }
},
{
  "model": "main.ogequestionoption",
  "pk": 34,
  "fields": {
    "question": 8,
    "option_text": "В составе сложного предложения 4 есть придаточное причины.",
    "option_number": 4,
    "is_correct": false,
    "orthogram_numbers": ""
  }
},
{
  "model": "main.ogequestionoption",
  "pk": 35,
  "fields": {
    "question": 8,
    "option_text": "Все простые предложения, входящие в состав сложного предложения 5, односоставные определённо-личные.",
    "option_number": 5,
    "is_correct": true,
    "orthogram_numbers": ""
  }
},
{
  "model": "main.ogequestionoption",
  "pk": 36,
  "fields": {
    "question": 9,
    "option_text": "ССЫЛКА (в Сибирь) — на конце приставки перед буквой, обозначающей глухой согласный, пишется буква С.",
    "option_number": 1,
    "is_correct": false,
    "orthogram_numbers": "11"
  }
},
{
  "model": "main.ogequestionoption",
  "pk": 37,
  "fields": {
    "question": 9,
    "option_text": "НЕЖНО-ЗЕЛЁНЫЙ — сложное имя прилагательное, обозначающее оттенок цвета, пишется через дефис.",
    "option_number": 2,
    "is_correct": true,
    "orthogram_numbers": "39"
  }
},
{
  "model": "main.ogequestionoption",
  "pk": 38,
  "fields": {
    "question": 9,
    "option_text": "(о высокой) ЦЕЛИ — в форме дательного падежа единственного числа имени существительного 3-го склонения пишется окончание -И.",
    "option_number": 3,
    "is_correct": true,
    "orthogram_numbers": "17"
  }
},
{
  "model": "main.ogequestionoption",
  "pk": 39,
  "fields": {
    "question": 9,
    "option_text": "РАССЕЯВШИЙ (сомнения) — выбор гласной перед суффиксом -вш- действительного причастия прошедшего времени зависит от принадлежности к спряжению глагола, от основы которого оно образовано.",
    "option_number": 4,
    "is_correct": false,
    "orthogram_numbers": "25, 49.1"
  }
},
{
  "model": "main.ogequestionoption",
  "pk": 40,
  "fields": {
    "question": 9,
    "option_text": "СЕРДЦЕ — непроизносимый согласный в корне слова проверяется словом сердечко, в котором он слышится отчётливо.",
    "option_number": 5,
    "is_correct": true,
    "orthogram_numbers": "4"
  }
},
{
  "model": "main.ogequestionoption",
  "pk": 41,
  "fields": {
    "question": 10,
    "option_text": "В семье рассказчика к дяде относились настороженно, называли странным человеком.",
    "option_number": 1,
    "is_correct": true,
    "orthogram_numbers": ""
  }
},
{
  "model": "main.ogequestionoption",
  "pk": 42,
  "fields": {
    "question": 10,
    "option_text": "Больше всего в комнате дяди рассказчика поразили огромные книжные полки, озарённые ярким светом.",
    "option_number": 2,
    "is_correct": false,
    "orthogram_numbers": ""
  }
},
{
  "model": "main.ogequestionoption",
  "pk": 43,
  "fields": {
    "question": 10,
    "option_text": "Рассказчик ушёл от дяди домой, взяв с собой книжку про солдат и разбойников.",
    "option_number": 3,
    "is_correct": false,
    "orthogram_numbers": ""
  }
},
{
  "model": "main.ogequestionoption",
  "pk": 44,
  "fields": {
    "question": 10,
    "option_text": "Дядя искренне удивился огромным познаниям племянника в области классической литературы.",
    "option_number": 4,
    "is_correct": false,
    "orthogram_numbers": ""
  }
},
{
  "model": "main.ogequestionoption",
  "pk": 45,
  "fields": {
    "question": 10,
    "option_text": "Воспоминания о вечере знакомства с дядей рассказчик хранил в сердце много лет.",
    "option_number": 5,
    "is_correct": true,
    "orthogram_numbers": ""
  }
},
{
  "model": "main.ogequestionoption",
  "pk": 46,
  "fields": {
    "question": 11,
    "option_text": "Я ждал с нетерпением, когда меня повезут к нему, но поездку откладывали со дня на день.",
    "option_number": 1,
    "is_correct": false,
    "orthogram_numbers": ""
  }
},
{
  "model": "main.ogequestionoption",
  "pk": 47,
  "fields": {
    "question": 11,
    "option_text": "Дядя услышал шорох, повернул голову, и я увидал худое, плохо выбритое лицо и всматривающиеся в темноту усталые глаза.",
    "option_number": 2,
    "is_correct": false,
    "orthogram_numbers": ""
  }
},
{
  "model": "main.ogequestionoption",
  "pk": 48,
  "fields": {
    "question": 11,
    "option_text": "В тот памятный вечер в моём сердце затеплилась искра.",
    "option_number": 3,
    "is_correct": true,
    "orthogram_numbers": ""
  }
},
{
  "model": "main.ogequestionoption",
  "pk": 49,
  "fields": {
    "question": 11,
    "option_text": "— Книга не Петрушка, — продолжал дядя, тряся пальцем, — она не для смеху пишется!",
    "option_number": 4,
    "is_correct": false,
    "orthogram_numbers": ""
  }
},
{
  "model": "main.ogequestionoption",
  "pk": 50,
  "fields": {
    "question": 11,
    "option_text": "Каждая из них — часть сердца человека, которого называют писателем!",
    "option_number": 5,
    "is_correct": true,
    "orthogram_numbers": ""
  }
},
{
  "model": "main.ogetaskgrammaticeight",
  "pk": "8100",
  "fields": {
    "name": "asdasd",
    "is_active": true
  }
},
{
  "model": "main.ogetaskgrammaticeight",
  "pk": "8200",
  "fields": {
    "name": "Между подлежащим и сказуемым, выраженными именами существительными в именительном падеже, при нулевой связке ставится тире.",
    "is_active": true
  }
},
{
  "model": "main.ogetaskgrammaticeight",
  "pk": "8300",
  "fields": {
    "name": "Обстоятельство, выраженное деепричастным оборотом, обособляется.",
    "is_active": true
  }
},
{
  "model": "main.ogetaskgrammaticeight",
  "pk": "8400",
  "fields": {
    "name": "Определение, выраженное причастным оборотом, стоящее после определяемого слова, обособляется.",
    "is_active": true
  }
},
{
  "model": "main.ogetaskgrammaticeight",
  "pk": "8500",
  "fields": {
    "name": "Вводное слово выделяется запятыми.",
    "is_active": true
  }
},
{
  "model": "main.ogetaskgrammaticeightexample",
  "pk": 6,
  "fields": {
    "text": "Венера — планета Солнечной системы, которая больше всего похожа на нашу Землю.",
    "has_error": true,
    "error_type": "8200",
    "explanation": "Правило 8200",
    "is_active": true,
    "is_for_quiz": false,
    "grades": ""
  }
},
{
  "model": "main.ogetaskgrammaticeightexample",
  "pk": 7,
  "fields": {
    "text": "Девушка была так увлечена зрелищем катающихся на коньках людей, что не заметила, как, скрипнув по снегу полозьями, неподалёку от неё остановились сани.",
    "has_error": true,
    "error_type": "8300",
    "explanation": "Правило 8300",
    "is_active": true,
    "is_for_quiz": false,
    "grades": ""
  }
},
{
  "model": "main.ogetaskgrammaticeightexample",
  "pk": 8,
  "fields": {
    "text": "Там, где стоял посёлок, сливались две ледяные, затерявшиеся в пространстве реки.",
    "has_error": true,
    "error_type": "8400",
    "explanation": "Правило 8400",
    "is_active": true,
    "is_for_quiz": false,
    "grades": ""
  }
},
{
  "model": "main.ogetaskgrammaticeightexample",
  "pk": 9,
  "fields": {
    "text": "Днём, при солнечном свете, мы видим только землю, ночью — весь мир.",
    "has_error": true,
    "error_type": "8100",
    "explanation": "Правило 8100",
    "is_active": true,
    "is_for_quiz": false,
    "grades": ""
  }
},
{
  "model": "main.ogetaskgrammaticeightexample",
  "pk": 10,
  "fields": {
    "text": "Пройдёт молодец — приосанится, пройдёт девица — пригорюнится, а пройдут гусляры — споют песенку.",
    "has_error": false,
    "error_type": null,
    "explanation": "",
    "is_active": true,
    "is_for_quiz": false,
    "grades": ""
  }
},
{
  "model": "main.ogepunktum",
  "pk": "11",
  "fields": {
    "name": "Запятые. Пунктограмма 11",
    "rule": "Правила постановки запятой (пунктограмма 11)",
    "letters": "11.1,11.2,11.3,0",
    "grades": "",
    "created_at": "2026-03-08T08:42:06.634Z"
  }
},
{
  "model": "main.ogepunktum",
  "pk": "12",
  "fields": {
    "name": "Запятые. Пунктограмма 12",
    "rule": "Правила постановки запятой (пунктограмма 12)",
    "letters": "12.1,12.2,12.3,0",
    "grades": "",
    "created_at": "2026-03-08T08:42:06.647Z"
  }
},
{
  "model": "main.ogepunktum",
  "pk": "13",
  "fields": {
    "name": "Запятые. Пунктограмма 13",
    "rule": "Правила постановки запятой (пунктограмма 13)",
    "letters": "13.1,13.2,13.3,0",
    "grades": "",
    "created_at": "2026-03-08T08:42:06.660Z"
  }
},
{
  "model": "main.ogepunktum",
  "pk": "14",
  "fields": {
    "name": "Запятые. Пунктограмма 14",
    "rule": "Правила постановки запятой (пунктограмма 14)",
    "letters": "14.1,14.2,14.3,0",
    "grades": "",
    "created_at": "2026-03-08T08:42:06.672Z"
  }
},
{
  "model": "main.ogepunktum",
  "pk": "15",
  "fields": {
    "name": "Запятые. Пунктограмма 15",
    "rule": "Правила постановки запятой (пунктограмма 15)",
    "letters": "15.1,15.2,15.3,0",
    "grades": "",
    "created_at": "2026-03-08T08:42:06.687Z"
  }
},
{
  "model": "main.ogepunktum",
  "pk": "18",
  "fields": {
    "name": "Тире. Пунктограмма 18",
    "rule": "asdasdasdasdasd",
    "letters": "18.1,18.2,18.3,18,4",
    "grades": "",
    "created_at": "2026-03-07T09:16:17.083Z"
  }
},
{
  "model": "main.ogepunktum",
  "pk": "19",
  "fields": {
    "name": "Двоеточие. Пунктограмма 19",
    "rule": "Правила постановки двоеточия (пунктограмма 19)",
    "letters": "1,2,3,4,5,6",
    "grades": "",
    "created_at": "2026-03-08T08:37:16.306Z"
  }
},
{
  "model": "main.ogepunktum",
  "pk": "2",
  "fields": {
    "name": "Запятые. Пунктограмма 2",
    "rule": "Правила постановки запятой (пунктограмма 2)",
    "letters": "2.1,2.2,2.3,0",
    "grades": "",
    "created_at": "2026-03-08T08:42:06.458Z"
  }
},
{
  "model": "main.ogepunktum",
  "pk": "2100",
  "fields": {
    "name": "Тире",
    "rule": "Постановка тире",
    "letters": "5,8,8.1,9,10,18,дз",
    "grades": "",
    "created_at": "2026-03-02T15:20:44.336Z"
  }
},
{
  "model": "main.ogepunktum",
  "pk": "2101",
  "fields": {
    "name": "Двоеточие",
    "rule": "Постановка двоеточия",
    "letters": "5,9.1,19,дз",
    "grades": "",
    "created_at": "2026-03-02T15:20:44.354Z"
  }
},
{
  "model": "main.ogepunktum",
  "pk": "2102",
  "fields": {
    "name": "Запятые",
    "rule": "Постановка запятых",
    "letters": "2,3,4.0,4.1,4.2,5,6,7,10,11,12,13,14,15,17,дз",
    "grades": "",
    "created_at": "2026-03-02T15:20:44.373Z"
  }
},
{
  "model": "main.ogepunktum",
  "pk": "3",
  "fields": {
    "name": "Запятые. Пунктограмма 3",
    "rule": "Правила постановки запятой (пунктограмма 3)",
    "letters": "x ,",
    "grades": "",
    "created_at": "2026-03-08T08:42:06.475Z"
  }
},
{
  "model": "main.ogepunktum",
  "pk": "4",
  "fields": {
    "name": "Запятые. Пунктограмма 4",
    "rule": "Правила постановки запятой (пунктограмма 4)",
    "letters": "4.1,4.2,4.3,0",
    "grades": "",
    "created_at": "2026-03-08T08:42:06.487Z"
  }
},
{
  "model": "main.ogepunktum",
  "pk": "6",
  "fields": {
    "name": "Запятые. Пунктограмма 6",
    "rule": "Правила постановки запятой (пунктограмма 6)",
    "letters": "6.1,6.2,6.3,0",
    "grades": "",
    "created_at": "2026-03-08T08:42:06.602Z"
  }
},
{
  "model": "main.ogepunktum",
  "pk": "7",
  "fields": {
    "name": "Запятые. Пунктограмма 7",
    "rule": "Правила постановки запятой (пунктограмма 7)",
    "letters": "x ,",
    "grades": "",
    "created_at": "2026-03-08T08:42:06.620Z"
  }
},
{
  "model": "main.ogepunktum",
  "pk": "8",
  "fields": {
    "name": "Тире. Пунктограмма 8",
    "rule": "adasdasd",
    "letters": "8.01,8.02,8.03,8.04,8.05,8.06",
    "grades": "",
    "created_at": "2026-03-07T09:16:17.074Z"
  }
},
{
  "model": "main.ogepunktumexample",
  "pk": 4,
  "fields": {
    "punktum": "2100",
    "text": "Колокольня Ивана Великого 8 это церковь из белого кирпича дз расположенная на Соборной площади Московского Кремля. Время её возведения 8 1500–1508 годы дз а проектом её создания дз занимался известный в то время итальянский архитектор Бон Фрязин дз спроектировавший столп колокольни 9 а также Успенскую звонницу 10 и Филаретову пристройку.",
    "masked_word": "Колокольня Ивана Великого *2100* это церковь из белого кирпича *2100* расположенная на Соборной площади Московского Кремля. Время её возведения *2100* 1500–1508 годы *2100* а проектом её создания *2100* занимался известный в то время итальянский архитектор Бон Фрязин *2100* спроектировавший столп колокольни *2100* а также Успенскую звонницу *2100* и Филаретову пристройку.",
    "explanation": "8,дз,8,дз,дз,дз,9,10",
    "correct_letters": "",
    "difficulty": 1,
    "is_active": true,
    "is_for_quiz": true,
    "is_user_added": false,
    "added_by": null,
    "source_field": "",
    "grades": "",
    "created_at": "2026-03-02T15:20:44.344Z"
  }
},
{
  "model": "main.ogepunktumexample",
  "pk": 5,
  "fields": {
    "punktum": "2101",
    "text": "Арбат уже давно стал главной туристической артерией Москвы 9.1 так как сюда стекаются гости гóрода со всех его концов. Пересекают Старый Арбат узкие переулки 9.1 Большой Афанасьевский дз Староконюшенный дз Калошин дз Кривоарбатский дз Денежный и т.д. Это своеобразное наследство от расположенных здесь мастерских ремесленников дз а само название Орбат впервые упоминается в 1475 году 19 «Погорел совсем на Орбате Никифор Басенков»",
    "masked_word": "Арбат уже давно стал главной туристической артерией Москвы *2101* так как сюда стекаются гости гóрода со всех его концов. Пересекают Старый Арбат узкие переулки *2101* Большой Афанасьевский *2101* Староконюшенный *2101* Калошин *2101* Кривоарбатский *2101* Денежный и т.д. Это своеобразное наследство от расположенных здесь мастерских ремесленников *2101* а само название Орбат впервые упоминается в 1475 году *2101* «Погорел совсем на Орбате Никифор Басенков»",
    "explanation": "9.1,9.1,дз,дз,дз,дз,дз,19",
    "correct_letters": "",
    "difficulty": 1,
    "is_active": true,
    "is_for_quiz": true,
    "is_user_added": false,
    "added_by": null,
    "source_field": "",
    "grades": "",
    "created_at": "2026-03-02T15:20:44.359Z"
  }
},
{
  "model": "main.ogepunktumexample",
  "pk": 6,
  "fields": {
    "punktum": "2102",
    "text": "Кремль дз самая древняя часть столицы России 6 расположенная на берегу Москвы-реки. Именно здесь 13 на Боровицком холме 13 ещё в середине XII века князь Юрий Долгорукий основал свою усадьбу-крепость 6 впервые упомянутую в 1147 году. Примечательно 4.2 что стены и башни Кремля были воздвигнуты из красного кирпича дз на месте прежних белокаменных в конце XV века 4.1 а колокольня Ивана Великого дз самое высокое здание на Руси тех времён.",
    "masked_word": "Кремль *2102* самая древняя часть столицы России *2102* расположенная на берегу Москвы-реки. Именно здесь *2102* на Боровицком холме *2102* ещё в середине XII века князь Юрий Долгорукий основал свою усадьбу-крепость *2102* впервые упомянутую в 1147 году. Примечательно *2102* что стены и башни Кремля были воздвигнуты из красного кирпича *2102* на месте прежних белокаменных в конце XV века *2102* а колокольня Ивана Великого *2102* самое высокое здание на Руси тех времён.",
    "explanation": "дз,6,13,13,6,4.2,дз,4.1,дз",
    "correct_letters": "",
    "difficulty": 1,
    "is_active": true,
    "is_for_quiz": true,
    "is_user_added": false,
    "added_by": null,
    "source_field": "",
    "grades": "",
    "created_at": "2026-03-02T15:20:44.378Z"
  }
},
{
  "model": "main.ogepunktumexample",
  "pk": 7,
  "fields": {
    "punktum": "8",
    "text": "1) Бедность — не порок. 2) Земля — наш дом. 3) Мы — участники парада. 4) Жить — родине служить. 5) Земля — как прекрасный сад.",
    "masked_word": "1) Бедность *8* не порок. 2) Земля *8* наш дом. 3) Мы *8* участники парада. 4) Жить *8* родине служить. 5) Земля *8* как прекрасный сад.",
    "explanation": "8.04,8.01,8.05,8.02,8.06",
    "correct_letters": "8.04,8.01,8.05,8.02,8.06",
    "difficulty": 1,
    "is_active": true,
    "is_for_quiz": false,
    "is_user_added": false,
    "added_by": null,
    "source_field": "",
    "grades": "",
    "created_at": "2026-03-07T09:35:25.764Z"
  }
},
{
  "model": "main.ogepunktumexample",
  "pk": 8,
  "fields": {
    "punktum": "8",
    "text": "фывфыв",
    "masked_word": "фывфыв",
    "explanation": "",
    "correct_letters": "",
    "difficulty": 1,
    "is_active": true,
    "is_for_quiz": true,
    "is_user_added": false,
    "added_by": null,
    "source_field": "",
    "grades": "",
    "created_at": "2026-03-08T08:31:21.702Z"
  }
},
{
  "model": "main.ogepunktumexample",
  "pk": 9,
  "fields": {
    "punktum": "18",
    "text": "фывфы",
    "masked_word": "фыв",
    "explanation": "",
    "correct_letters": "",
    "difficulty": 1,
    "is_active": true,
    "is_for_quiz": false,
    "is_user_added": false,
    "added_by": null,
    "source_field": "",
    "grades": "",
    "created_at": "2026-03-08T08:31:54.576Z"
  }
},
{
  "model": "main.ogepunktumexample",
  "pk": 10,
  "fields": {
    "punktum": "19",
    "text": "фывфывф",
    "masked_word": "фыв",
    "explanation": "",
    "correct_letters": "",
    "difficulty": 1,
    "is_active": true,
    "is_for_quiz": false,
    "is_user_added": false,
    "added_by": null,
    "source_field": "",
    "grades": "",
    "created_at": "2026-03-08T08:38:25.262Z"
  }
},
{
  "model": "main.ogepunktumexample",
  "pk": 64,
  "fields": {
    "punktum": "2",
    "text": "фывфыв 2*2*, sad",
    "masked_word": "фывфыв 2*2*, sad",
    "explanation": ",",
    "correct_letters": "x",
    "difficulty": 1,
    "is_active": true,
    "is_for_quiz": true,
    "is_user_added": false,
    "added_by": null,
    "source_field": "",
    "grades": "",
    "created_at": "2026-03-11T07:37:14.031Z"
  }
},
{
  "model": "main.ogeorthogram",
  "pk": "101",
  "fields": {
    "name": "Безударная гласная",
    "rule": "Орфография",
    "letters": "а,о,е,и,я",
    "grades": "",
    "created_at": "2026-03-02T15:20:45.669Z"
  }
},
{
  "model": "main.ogeorthogramexample",
  "pk": 2,
  "fields": {
    "orthogram": "101",
    "text": "Хотя шмель вышел из зимнего сна благодаря теплу, но всё-таки было прохладно, и шмель начал согревать себя сам, быстро сокращая мышцы груди и оставляя неподвижными крылья. Он разогревался, как мотор, и желание полёта возникало в нём всё настойчивее.",
    "masked_word": "Хотя шмель вышел из зимнего сна бл*101*годаря теплу, но всё-таки было прохладно, и шмель нач*101*л с*101*гревать себя сам, быстро сокр*101*щая мышцы груди и ост*101*вляя неп*101*движными крыл*101*я. Он р*101*зогревался, как м*101*тор, и желание п*101*лёта возникало в нём всё настойчивее.",
    "incorrect_variant": null,
    "explanation": "",
    "correct_letters": "а|а/о/е,а|а/о/е,о|а/о/е,а|а/о/е,а|а/о/е,о|а/о/е,ь|ь/ъ,а|а/о/е,о|а/о/е,о|а/о/е",
    "difficulty": 1,
    "is_for_quiz": false,
    "is_active": true,
    "is_user_added": false,
    "added_by": null,
    "source_field": "",
    "grades": "",
    "created_at": "2026-03-02T15:20:45.679Z"
  }
},
{
  "model": "main.ogecorrectionexercise",
  "pk": 2,
  "fields": {
    "incorrect_text": "вишня",
    "correct_text": "вишен",
    "explanation": "Для украшения десерта вам потребуется несколько (вишня).",
    "exercise_id": "711",
    "grades": "",
    "is_active": true,
    "is_for_quiz": false,
    "created_at": "2026-03-02T15:20:47.312Z"
  }
},
{
  "model": "main.ogewordok",
  "pk": 2,
  "fields": {
    "text": "Замените словосочетание «турецкий кофе», построенное на основе согласования, синонимичным словосочетанием со связью примыкание. Напишите получившееся словосочетание, соблюдая нормы современного русского литературного языка.",
    "task_type": "6200",
    "correct_variants": "кофе по-турецки",
    "is_active": true,
    "is_for_quiz": false,
    "grades": ""
  }
},
{
  "model": "admin.logentry",
  "pk": 1,
  "fields": {
    "action_time": "2026-03-07T09:30:22.088Z",
    "user": [
      "admin"
    ],
    "content_type": [
      "main",
      "ogepunktum"
    ],
    "object_id": "18",
    "object_repr": "18: Тире. Пунктограмма 18",
    "action_flag": 2,
    "change_message": "[{\"changed\": {\"fields\": [\"Rule\"]}}]"
  }
},
{
  "model": "admin.logentry",
  "pk": 2,
  "fields": {
    "action_time": "2026-03-07T09:30:25.224Z",
    "user": [
      "admin"
    ],
    "content_type": [
      "main",
      "ogepunktum"
    ],
    "object_id": "8",
    "object_repr": "8: Тире. Пунктограмма 8",
    "action_flag": 2,
    "change_message": "[{\"changed\": {\"fields\": [\"Rule\"]}}]"
  }
},
{
  "model": "admin.logentry",
  "pk": 3,
  "fields": {
    "action_time": "2026-03-08T08:31:21.767Z",
    "user": [
      "admin"
    ],
    "content_type": [
      "main",
      "ogepunktumexample"
    ],
    "object_id": "8",
    "object_repr": "фывфыв (пунктограмма 8, классы: все)",
    "action_flag": 1,
    "change_message": "[{\"added\": {}}]"
  }
},
{
  "model": "admin.logentry",
  "pk": 4,
  "fields": {
    "action_time": "2026-03-08T08:31:54.577Z",
    "user": [
      "admin"
    ],
    "content_type": [
      "main",
      "ogepunktumexample"
    ],
    "object_id": "9",
    "object_repr": "фывфы (пунктограмма 18, классы: все)",
    "action_flag": 1,
    "change_message": "[{\"added\": {}}]"
  }
},
{
  "model": "admin.logentry",
  "pk": 5,
  "fields": {
    "action_time": "2026-03-08T08:34:18.123Z",
    "user": [
      "admin"
    ],
    "content_type": [
      "main",
      "ogepunktumexample"
    ],
    "object_id": "7",
    "object_repr": "1) Бедность — не порок. 2) Земля — наш д (пунктограмма 8, классы: все)",
    "action_flag": 2,
    "change_message": "[]"
  }
},
{
  "model": "admin.logentry",
  "pk": 6,
  "fields": {
    "action_time": "2026-03-08T08:34:27.706Z",
    "user": [
      "admin"
    ],
    "content_type": [
      "main",
      "ogepunktumexample"
    ],
    "object_id": "7",
    "object_repr": "1) Бедность — не порок. 2) Земля — наш д (пунктограмма 8, классы: все)",
    "action_flag": 2,
    "change_message": "[]"
  }
},
{
  "model": "admin.logentry",
  "pk": 7,
  "fields": {
    "action_time": "2026-03-08T08:34:40.460Z",
    "user": [
      "admin"
    ],
    "content_type": [
      "main",
      "ogepunktumexample"
    ],
    "object_id": "9",
    "object_repr": "фывфы (пунктограмма 18, классы: все)",
    "action_flag": 2,
    "change_message": "[{\"changed\": {\"fields\": [\"\\u0418\\u0441\\u043f\\u043e\\u043b\\u044c\\u0437\\u043e\\u0432\\u0430\\u0442\\u044c \\u0432 \\u043a\\u0432\\u0438\\u0437\\u0430\\u0445\"]}}]"
  }
},
{
  "model": "admin.logentry",
  "pk": 8,
  "fields": {
    "action_time": "2026-03-08T08:38:25.315Z",
    "user": [
      "admin"
    ],
    "content_type": [
      "main",
      "ogepunktumexample"
    ],
    "object_id": "10",
    "object_repr": "фывфывф (пунктограмма 19, классы: все)",
    "action_flag": 1,
    "change_message": "[{\"added\": {}}]"
  }
},
{
  "model": "admin.logentry",
  "pk": 9,
  "fields": {
    "action_time": "2026-03-08T08:38:35.712Z",
    "user": [
      "admin"
    ],
    "content_type": [
      "main",
      "ogepunktumexample"
    ],
    "object_id": "10",
    "object_repr": "фывфывф (пунктограмма 19, классы: все)",
    "action_flag": 2,
    "change_message": "[{\"changed\": {\"fields\": [\"\\u0418\\u0441\\u043f\\u043e\\u043b\\u044c\\u0437\\u043e\\u0432\\u0430\\u0442\\u044c \\u0432 \\u043a\\u0432\\u0438\\u0437\\u0430\\u0445\"]}}]"
  }
},
{
  "model": "admin.logentry",
  "pk": 10,
  "fields": {
    "action_time": "2026-03-08T08:47:54.714Z",
    "user": [
      "admin"
    ],
    "content_type": [
      "main",
      "ogepunktum"
    ],
    "object_id": "18",
    "object_repr": "18: Тире. Пунктограмма 18",
    "action_flag": 2,
    "change_message": "[{\"changed\": {\"fields\": [\"Letters\"]}}]"
  }
},
{
  "model": "admin.logentry",
  "pk": 11,
  "fields": {
    "action_time": "2026-03-08T08:57:56.809Z",
    "user": [
      "admin"
    ],
    "content_type": [
      "main",
      "ogepunktumexample"
    ],
    "object_id": "7",
    "object_repr": "1) Бедность — не порок. 2) Земля — наш д (пунктограмма 8, классы: все)",
    "action_flag": 2,
    "change_message": "[{\"changed\": {\"fields\": [\"\\u041f\\u0440\\u0430\\u0432\\u0438\\u043b\\u044c\\u043d\\u044b\\u0435 \\u0441\\u0438\\u043c\\u0432\\u043e\\u043b\\u044b \\u043f\\u0443\\u043d\\u043a\\u0442\\u0443\\u0430\\u0446\\u0438\\u0438 (\\u0447\\u0435\\u0440\\u0435\\u0437 \\u0437\\u0430\\u043f\\u044f\\u0442\\u0443\\u044e)\"]}}]"
  }
},
{
  "model": "admin.logentry",
  "pk": 12,
  "fields": {
    "action_time": "2026-03-10T12:05:42.537Z",
    "user": [
      "admin"
    ],
    "content_type": [
      "main",
      "ogepunktum"
    ],
    "object_id": "3",
    "object_repr": "3: Запятые. Пунктограмма 3",
    "action_flag": 2,
    "change_message": "[{\"changed\": {\"fields\": [\"Letters\"]}}]"
  }
},
{
  "model": "admin.logentry",
  "pk": 13,
  "fields": {
    "action_time": "2026-03-10T12:06:03.898Z",
    "user": [
      "admin"
    ],
    "content_type": [
      "main",
      "ogepunktum"
    ],
    "object_id": "7",
    "object_repr": "7: Запятые. Пунктограмма 7",
    "action_flag": 2,
    "change_message": "[{\"changed\": {\"fields\": [\"Letters\"]}}]"
  }
},
{
  "model": "admin.logentry",
  "pk": 14,
  "fields": {
    "action_time": "2026-03-10T12:06:17.470Z",
    "user": [
      "admin"
    ],
    "content_type": [
      "main",
      "ogepunktumexample"
    ],
    "object_id": "16",
    "object_repr": "Тестовое предложение для пункта 7, в кот (пунктограмма 7, классы: все)",
    "action_flag": 2,
    "change_message": "[{\"changed\": {\"fields\": [\"Explanation\", \"\\u041f\\u0440\\u0430\\u0432\\u0438\\u043b\\u044c\\u043d\\u044b\\u0435 \\u0441\\u0438\\u043c\\u0432\\u043e\\u043b\\u044b \\u043f\\u0443\\u043d\\u043a\\u0442\\u0443\\u0430\\u0446\\u0438\\u0438 (\\u0447\\u0435\\u0440\\u0435\\u0437 \\u0437\\u0430\\u043f\\u044f\\u0442\\u0443\\u044e)\"]}}]"
  }
},
{
  "model": "admin.logentry",
  "pk": 15,
  "fields": {
    "action_time": "2026-03-11T06:26:14.408Z",
    "user": [
      "admin"
    ],
    "content_type": [
      "main",
      "ogepunktumexample"
    ],
    "object_id": "16",
    "object_repr": "Тестовое предложение для пункта 7, в кот (пунктограмма 7, классы: все)",
    "action_flag": 2,
    "change_message": "[{\"changed\": {\"fields\": [\"Text\", \"Explanation\", \"\\u041f\\u0440\\u0430\\u0432\\u0438\\u043b\\u044c\\u043d\\u044b\\u0435 \\u0441\\u0438\\u043c\\u0432\\u043e\\u043b\\u044b \\u043f\\u0443\\u043d\\u043a\\u0442\\u0443\\u0430\\u0446\\u0438\\u0438 (\\u0447\\u0435\\u0440\\u0435\\u0437 \\u0437\\u0430\\u043f\\u044f\\u0442\\u0443\\u044e)\"]}}]"
  }
},
{
  "model": "admin.logentry",
  "pk": 16,
  "fields": {
    "action_time": "2026-03-11T06:26:39.519Z",
    "user": [
      "admin"
    ],
    "content_type": [
      "main",
      "ogepunktumexample"
    ],
    "object_id": "16",
    "object_repr": "Тестовое предложение для пункта 7, в кот (пунктограмма 7, классы: все)",
    "action_flag": 2,
    "change_message": "[{\"changed\": {\"fields\": [\"Text\", \"Masked word\"]}}]"
  }
},
{
  "model": "admin.logentry",
  "pk": 17,
  "fields": {
    "action_time": "2026-03-11T06:27:10.583Z",
    "user": [
      "admin"
    ],
    "content_type": [
      "main",
      "ogepunktumexample"
    ],
    "object_id": "16",
    "object_repr": "Тестовое предложение для пункта 7, в кот (пунктограмма 7, классы: все)",
    "action_flag": 2,
    "change_message": "[{\"changed\": {\"fields\": [\"Masked word\"]}}]"
  }
},
{
  "model": "admin.logentry",
  "pk": 18,
  "fields": {
    "action_time": "2026-03-11T07:11:28.817Z",
    "user": [
      "admin"
    ],
    "content_type": [
      "main",
      "ogetaskgrammaticeight"
    ],
    "object_id": "8500",
    "object_repr": "asdasd",
    "action_flag": 2,
    "change_message": "[{\"changed\": {\"fields\": [\"\\u041e\\u043f\\u0438\\u0441\\u0430\\u043d\\u0438\\u0435 \\u043f\\u0440\\u0430\\u0432\\u0438\\u043b\\u0430\"]}}]"
  }
},
{
  "model": "admin.logentry",
  "pk": 19,
  "fields": {
    "action_time": "2026-03-11T07:11:43.348Z",
    "user": [
      "admin"
    ],
    "content_type": [
      "main",
      "ogetaskgrammaticeight"
    ],
    "object_id": "8100",
    "object_repr": "asdasd",
    "action_flag": 2,
    "change_message": "[{\"changed\": {\"fields\": [\"\\u041e\\u043f\\u0438\\u0441\\u0430\\u043d\\u0438\\u0435 \\u043f\\u0440\\u0430\\u0432\\u0438\\u043b\\u0430\"]}}]"
  }
},
{
  "model": "admin.logentry",
  "pk": 20,
  "fields": {
    "action_time": "2026-03-11T07:19:18.609Z",
    "user": [
      "admin"
    ],
    "content_type": [
      "main",
      "ogepunktum"
    ],
    "object_id": "5",
    "object_repr": "5: Запятые. Пунктограмма 5",
    "action_flag": 3,
    "change_message": ""
  }
},
{
  "model": "admin.logentry",
  "pk": 21,
  "fields": {
    "action_time": "2026-03-11T07:36:46.454Z",
    "user": [
      "admin"
    ],
    "content_type": [
      "main",
      "ogepunktumexample"
    ],
    "object_id": "11",
    "object_repr": "Тестовое предложение для пункта 2, в кот (пунктограмма 2, классы: все)",
    "action_flag": 3,
    "change_message": ""
  }
},
{
  "model": "admin.logentry",
  "pk": 22,
  "fields": {
    "action_time": "2026-03-11T07:37:14.033Z",
    "user": [
      "admin"
    ],
    "content_type": [
      "main",
      "ogepunktumexample"
    ],
    "object_id": "64",
    "object_repr": "фывфыв 2*2*, sad (пунктограмма 2, классы: все)",
    "action_flag": 1,
    "change_message": "[{\"added\": {}}]"
  }
},
{
  "model": "admin.logentry",
  "pk": 23,
  "fields": {
    "action_time": "2026-03-12T18:23:36.097Z",
    "user": [
      "admin"
    ],
    "content_type": [
      "main",
      "ogepunktumexample"
    ],
    "object_id": "63",
    "object_repr": "Тестовое предложение 3 для пункта 19 😊,  (пунктограмма 19, классы: все)",
    "action_flag": 3,
    "change_message": ""
  }
},
{
  "model": "admin.logentry",
  "pk": 24,
  "fields": {
    "action_time": "2026-03-12T18:23:36.097Z",
    "user": [
      "admin"
    ],
    "content_type": [
      "main",
      "ogepunktumexample"
    ],
    "object_id": "62",
    "object_repr": "Тестовое предложение 2 для пункта 19 😊,  (пунктограмма 19, классы: все)",
    "action_flag": 3,
    "change_message": ""
  }
},
{
  "model": "admin.logentry",
  "pk": 25,
  "fields": {
    "action_time": "2026-03-12T18:23:36.097Z",
    "user": [
      "admin"
    ],
    "content_type": [
      "main",
      "ogepunktumexample"
    ],
    "object_id": "61",
    "object_repr": "Тестовое предложение 1 для пункта 19 😊,  (пунктограмма 19, классы: все)",
    "action_flag": 3,
    "change_message": ""
  }
},
{
  "model": "admin.logentry",
  "pk": 26,
  "fields": {
    "action_time": "2026-03-12T18:23:36.097Z",
    "user": [
      "admin"
    ],
    "content_type": [
      "main",
      "ogepunktumexample"
    ],
    "object_id": "60",
    "object_repr": "Тестовое предложение 3 для пункта 18 😊,  (пунктограмма 18, классы: все)",
    "action_flag": 3,
    "change_message": ""
  }
},
{
  "model": "admin.logentry",
  "pk": 27,
  "fields": {
    "action_time": "2026-03-12T18:23:36.097Z",
    "user": [
      "admin"
    ],
    "content_type": [
      "main",
      "ogepunktumexample"
    ],
    "object_id": "59",
    "object_repr": "Тестовое предложение 2 для пункта 18 😊,  (пунктограмма 18, классы: все)",
    "action_flag": 3,
    "change_message": ""
  }
},
{
  "model": "admin.logentry",
  "pk": 28,
  "fields": {
    "action_time": "2026-03-12T18:23:36.097Z",
    "user": [
      "admin"
    ],
    "content_type": [
      "main",
      "ogepunktumexample"
    ],
    "object_id": "58",
    "object_repr": "Тестовое предложение 1 для пункта 18 😊,  (пунктограмма 18, классы: все)",
    "action_flag": 3,
    "change_message": ""
  }
},
{
  "model": "admin.logentry",
  "pk": 29,
  "fields": {
    "action_time": "2026-03-12T18:23:36.097Z",
    "user": [
      "admin"
    ],
    "content_type": [
      "main",
      "ogepunktumexample"
    ],
    "object_id": "57",
    "object_repr": "Тестовое предложение 3 для пункта 8 😊, в (пунктограмма 8, классы: все)",
    "action_flag": 3,
    "change_message": ""
  }
},
{
  "model": "admin.logentry",
  "pk": 30,
  "fields": {
    "action_time": "2026-03-12T18:23:36.097Z",
    "user": [
      "admin"
    ],
    "content_type": [
      "main",
      "ogepunktumexample"
    ],
    "object_id": "56",
    "object_repr": "Тестовое предложение 2 для пункта 8 😊, в (пунктограмма 8, классы: все)",
    "action_flag": 3,
    "change_message": ""
  }
},
{
  "model": "admin.logentry",
  "pk": 31,
  "fields": {
    "action_time": "2026-03-12T18:23:36.097Z",
    "user": [
      "admin"
    ],
    "content_type": [
      "main",
      "ogepunktumexample"
    ],
    "object_id": "55",
    "object_repr": "Тестовое предложение 1 для пункта 8 😊, в (пунктограмма 8, классы: все)",
    "action_flag": 3,
    "change_message": ""
  }
},
{
  "model": "admin.logentry",
  "pk": 32,
  "fields": {
    "action_time": "2026-03-12T18:23:36.097Z",
    "user": [
      "admin"
    ],
    "content_type": [
      "main",
      "ogepunktumexample"
    ],
    "object_id": "54",
    "object_repr": "Тестовое предложение 3 для пункта 15 😊,  (пунктограмма 15, классы: все)",
    "action_flag": 3,
    "change_message": ""
  }
},
{
  "model": "admin.logentry",
  "pk": 33,
  "fields": {
    "action_time": "2026-03-12T18:23:36.097Z",
    "user": [
      "admin"
    ],
    "content_type": [
      "main",
      "ogepunktumexample"
    ],
    "object_id": "53",
    "object_repr": "Тестовое предложение 2 для пункта 15 😊,  (пунктограмма 15, классы: все)",
    "action_flag": 3,
    "change_message": ""
  }
},
{
  "model": "admin.logentry",
  "pk": 34,
  "fields": {
    "action_time": "2026-03-12T18:23:36.097Z",
    "user": [
      "admin"
    ],
    "content_type": [
      "main",
      "ogepunktumexample"
    ],
    "object_id": "52",
    "object_repr": "Тестовое предложение 1 для пункта 15 😊,  (пунктограмма 15, классы: все)",
    "action_flag": 3,
    "change_message": ""
  }
},
{
  "model": "admin.logentry",
  "pk": 35,
  "fields": {
    "action_time": "2026-03-12T18:23:36.097Z",
    "user": [
      "admin"
    ],
    "content_type": [
      "main",
      "ogepunktumexample"
    ],
    "object_id": "51",
    "object_repr": "Тестовое предложение 3 для пункта 14 😊,  (пунктограмма 14, классы: все)",
    "action_flag": 3,
    "change_message": ""
  }
},
{
  "model": "admin.logentry",
  "pk": 36,
  "fields": {
    "action_time": "2026-03-12T18:23:36.097Z",
    "user": [
      "admin"
    ],
    "content_type": [
      "main",
      "ogepunktumexample"
    ],
    "object_id": "50",
    "object_repr": "Тестовое предложение 2 для пункта 14 😊,  (пунктограмма 14, классы: все)",
    "action_flag": 3,
    "change_message": ""
  }
},
{
  "model": "admin.logentry",
  "pk": 37,
  "fields": {
    "action_time": "2026-03-12T18:23:36.097Z",
    "user": [
      "admin"
    ],
    "content_type": [
      "main",
      "ogepunktumexample"
    ],
    "object_id": "49",
    "object_repr": "Тестовое предложение 1 для пункта 14 😊,  (пунктограмма 14, классы: все)",
    "action_flag": 3,
    "change_message": ""
  }
},
{
  "model": "admin.logentry",
  "pk": 38,
  "fields": {
    "action_time": "2026-03-12T18:23:36.097Z",
    "user": [
      "admin"
    ],
    "content_type": [
      "main",
      "ogepunktumexample"
    ],
    "object_id": "48",
    "object_repr": "Тестовое предложение 3 для пункта 13 😊,  (пунктограмма 13, классы: все)",
    "action_flag": 3,
    "change_message": ""
  }
},
{
  "model": "admin.logentry",
  "pk": 39,
  "fields": {
    "action_time": "2026-03-12T18:23:36.098Z",
    "user": [
      "admin"
    ],
    "content_type": [
      "main",
      "ogepunktumexample"
    ],
    "object_id": "47",
    "object_repr": "Тестовое предложение 2 для пункта 13 😊,  (пунктограмма 13, классы: все)",
    "action_flag": 3,
    "change_message": ""
  }
},
{
  "model": "admin.logentry",
  "pk": 40,
  "fields": {
    "action_time": "2026-03-12T18:23:36.098Z",
    "user": [
      "admin"
    ],
    "content_type": [
      "main",
      "ogepunktumexample"
    ],
    "object_id": "46",
    "object_repr": "Тестовое предложение 1 для пункта 13 😊,  (пунктограмма 13, классы: все)",
    "action_flag": 3,
    "change_message": ""
  }
},
{
  "model": "admin.logentry",
  "pk": 41,
  "fields": {
    "action_time": "2026-03-12T18:23:36.098Z",
    "user": [
      "admin"
    ],
    "content_type": [
      "main",
      "ogepunktumexample"
    ],
    "object_id": "45",
    "object_repr": "Тестовое предложение 3 для пункта 12 😊,  (пунктограмма 12, классы: все)",
    "action_flag": 3,
    "change_message": ""
  }
},
{
  "model": "admin.logentry",
  "pk": 42,
  "fields": {
    "action_time": "2026-03-12T18:23:36.098Z",
    "user": [
      "admin"
    ],
    "content_type": [
      "main",
      "ogepunktumexample"
    ],
    "object_id": "44",
    "object_repr": "Тестовое предложение 2 для пункта 12 😊,  (пунктограмма 12, классы: все)",
    "action_flag": 3,
    "change_message": ""
  }
},
{
  "model": "admin.logentry",
  "pk": 43,
  "fields": {
    "action_time": "2026-03-12T18:23:36.098Z",
    "user": [
      "admin"
    ],
    "content_type": [
      "main",
      "ogepunktumexample"
    ],
    "object_id": "43",
    "object_repr": "Тестовое предложение 1 для пункта 12 😊,  (пунктограмма 12, классы: все)",
    "action_flag": 3,
    "change_message": ""
  }
},
{
  "model": "admin.logentry",
  "pk": 44,
  "fields": {
    "action_time": "2026-03-12T18:23:36.098Z",
    "user": [
      "admin"
    ],
    "content_type": [
      "main",
      "ogepunktumexample"
    ],
    "object_id": "42",
    "object_repr": "Тестовое предложение 3 для пункта 11 😊,  (пунктограмма 11, классы: все)",
    "action_flag": 3,
    "change_message": ""
  }
},
{
  "model": "admin.logentry",
  "pk": 45,
  "fields": {
    "action_time": "2026-03-12T18:23:36.098Z",
    "user": [
      "admin"
    ],
    "content_type": [
      "main",
      "ogepunktumexample"
    ],
    "object_id": "41",
    "object_repr": "Тестовое предложение 2 для пункта 11 😊,  (пунктограмма 11, классы: все)",
    "action_flag": 3,
    "change_message": ""
  }
},
{
  "model": "admin.logentry",
  "pk": 46,
  "fields": {
    "action_time": "2026-03-12T18:23:36.098Z",
    "user": [
      "admin"
    ],
    "content_type": [
      "main",
      "ogepunktumexample"
    ],
    "object_id": "40",
    "object_repr": "Тестовое предложение 1 для пункта 11 😊,  (пунктограмма 11, классы: все)",
    "action_flag": 3,
    "change_message": ""
  }
},
{
  "model": "admin.logentry",
  "pk": 47,
  "fields": {
    "action_time": "2026-03-12T18:23:36.098Z",
    "user": [
      "admin"
    ],
    "content_type": [
      "main",
      "ogepunktumexample"
    ],
    "object_id": "39",
    "object_repr": "Тестовое предложение 3 для пункта 7 😊, в (пунктограмма 7, классы: все)",
    "action_flag": 3,
    "change_message": ""
  }
},
{
  "model": "admin.logentry",
  "pk": 48,
  "fields": {
    "action_time": "2026-03-12T18:23:36.098Z",
    "user": [
      "admin"
    ],
    "content_type": [
      "main",
      "ogepunktumexample"
    ],
    "object_id": "38",
    "object_repr": "Тестовое предложение 2 для пункта 7 😊, в (пунктограмма 7, классы: все)",
    "action_flag": 3,
    "change_message": ""
  }
},
{
  "model": "admin.logentry",
  "pk": 49,
  "fields": {
    "action_time": "2026-03-12T18:23:36.098Z",
    "user": [
      "admin"
    ],
    "content_type": [
      "main",
      "ogepunktumexample"
    ],
    "object_id": "37",
    "object_repr": "Тестовое предложение 1 для пункта 7 😊, в (пунктограмма 7, классы: все)",
    "action_flag": 3,
    "change_message": ""
  }
},
{
  "model": "admin.logentry",
  "pk": 50,
  "fields": {
    "action_time": "2026-03-12T18:23:36.098Z",
    "user": [
      "admin"
    ],
    "content_type": [
      "main",
      "ogepunktumexample"
    ],
    "object_id": "36",
    "object_repr": "Тестовое предложение 3 для пункта 6 😊, в (пунктограмма 6, классы: все)",
    "action_flag": 3,
    "change_message": ""
  }
},
{
  "model": "admin.logentry",
  "pk": 51,
  "fields": {
    "action_time": "2026-03-12T18:23:36.098Z",
    "user": [
      "admin"
    ],
    "content_type": [
      "main",
      "ogepunktumexample"
    ],
    "object_id": "35",
    "object_repr": "Тестовое предложение 2 для пункта 6 😊, в (пунктограмма 6, классы: все)",
    "action_flag": 3,
    "change_message": ""
  }
},
{
  "model": "admin.logentry",
  "pk": 52,
  "fields": {
    "action_time": "2026-03-12T18:23:36.098Z",
    "user": [
      "admin"
    ],
    "content_type": [
      "main",
      "ogepunktumexample"
    ],
    "object_id": "34",
    "object_repr": "Тестовое предложение 1 для пункта 6 😊, в (пунктограмма 6, классы: все)",
    "action_flag": 3,
    "change_message": ""
  }
},
{
  "model": "admin.logentry",
  "pk": 53,
  "fields": {
    "action_time": "2026-03-12T18:23:36.098Z",
    "user": [
      "admin"
    ],
    "content_type": [
      "main",
      "ogepunktumexample"
    ],
    "object_id": "30",
    "object_repr": "Тестовое предложение 3 для пункта 4 😊, в (пунктограмма 4, классы: все)",
    "action_flag": 3,
    "change_message": ""
  }
},
{
  "model": "admin.logentry",
  "pk": 54,
  "fields": {
    "action_time": "2026-03-12T18:23:36.098Z",
    "user": [
      "admin"
    ],
    "content_type": [
      "main",
      "ogepunktumexample"
    ],
    "object_id": "29",
    "object_repr": "Тестовое предложение 2 для пункта 4 😊, в (пунктограмма 4, классы: все)",
    "action_flag": 3,
    "change_message": ""
  }
},
{
  "model": "admin.logentry",
  "pk": 55,
  "fields": {
    "action_time": "2026-03-12T18:23:36.098Z",
    "user": [
      "admin"
    ],
    "content_type": [
      "main",
      "ogepunktumexample"
    ],
    "object_id": "28",
    "object_repr": "Тестовое предложение 1 для пункта 4 😊, в (пунктограмма 4, классы: все)",
    "action_flag": 3,
    "change_message": ""
  }
},
{
  "model": "admin.logentry",
  "pk": 56,
  "fields": {
    "action_time": "2026-03-12T18:23:36.098Z",
    "user": [
      "admin"
    ],
    "content_type": [
      "main",
      "ogepunktumexample"
    ],
    "object_id": "27",
    "object_repr": "Тестовое предложение 3 для пункта 3 😊, в (пунктограмма 3, классы: все)",
    "action_flag": 3,
    "change_message": ""
  }
},
{
  "model": "admin.logentry",
  "pk": 57,
  "fields": {
    "action_time": "2026-03-12T18:23:36.098Z",
    "user": [
      "admin"
    ],
    "content_type": [
      "main",
      "ogepunktumexample"
    ],
    "object_id": "26",
    "object_repr": "Тестовое предложение 2 для пункта 3 😊, в (пунктограмма 3, классы: все)",
    "action_flag": 3,
    "change_message": ""
  }
},
{
  "model": "admin.logentry",
  "pk": 58,
  "fields": {
    "action_time": "2026-03-12T18:23:36.098Z",
    "user": [
      "admin"
    ],
    "content_type": [
      "main",
      "ogepunktumexample"
    ],
    "object_id": "25",
    "object_repr": "Тестовое предложение 1 для пункта 3 😊, в (пунктограмма 3, классы: все)",
    "action_flag": 3,
    "change_message": ""
  }
},
{
  "model": "admin.logentry",
  "pk": 59,
  "fields": {
    "action_time": "2026-03-12T18:23:36.098Z",
    "user": [
      "admin"
    ],
    "content_type": [
      "main",
      "ogepunktumexample"
    ],
    "object_id": "24",
    "object_repr": "Тестовое предложение 3 для пункта 2 😊, в (пунктограмма 2, классы: все)",
    "action_flag": 3,
    "change_message": ""
  }
},
{
  "model": "admin.logentry",
  "pk": 60,
  "fields": {
    "action_time": "2026-03-12T18:23:36.098Z",
    "user": [
      "admin"
    ],
    "content_type": [
      "main",
      "ogepunktumexample"
    ],
    "object_id": "23",
    "object_repr": "Тестовое предложение 2 для пункта 2 😊, в (пунктограмма 2, классы: все)",
    "action_flag": 3,
    "change_message": ""
  }
},
{
  "model": "admin.logentry",
  "pk": 61,
  "fields": {
    "action_time": "2026-03-12T18:23:36.098Z",
    "user": [
      "admin"
    ],
    "content_type": [
      "main",
      "ogepunktumexample"
    ],
    "object_id": "22",
    "object_repr": "Тестовое предложение 1 для пункта 2 😊, в (пунктограмма 2, классы: все)",
    "action_flag": 3,
    "change_message": ""
  }
},
{
  "model": "admin.logentry",
  "pk": 62,
  "fields": {
    "action_time": "2026-03-12T18:23:36.098Z",
    "user": [
      "admin"
    ],
    "content_type": [
      "main",
      "ogepunktumexample"
    ],
    "object_id": "21",
    "object_repr": "Тестовое предложение для пункта 15, в ко (пунктограмма 15, классы: все)",
    "action_flag": 3,
    "change_message": ""
  }
},
{
  "model": "admin.logentry",
  "pk": 63,
  "fields": {
    "action_time": "2026-03-12T18:23:36.098Z",
    "user": [
      "admin"
    ],
    "content_type": [
      "main",
      "ogepunktumexample"
    ],
    "object_id": "20",
    "object_repr": "Тестовое предложение для пункта 14, в ко (пунктограмма 14, классы: все)",
    "action_flag": 3,
    "change_message": ""
  }
},
{
  "model": "admin.logentry",
  "pk": 64,
  "fields": {
    "action_time": "2026-03-12T18:23:36.098Z",
    "user": [
      "admin"
    ],
    "content_type": [
      "main",
      "ogepunktumexample"
    ],
    "object_id": "19",
    "object_repr": "Тестовое предложение для пункта 13, в ко (пунктограмма 13, классы: все)",
    "action_flag": 3,
    "change_message": ""
  }
},
{
  "model": "admin.logentry",
  "pk": 65,
  "fields": {
    "action_time": "2026-03-12T18:23:36.098Z",
    "user": [
      "admin"
    ],
    "content_type": [
      "main",
      "ogepunktumexample"
    ],
    "object_id": "18",
    "object_repr": "Тестовое предложение для пункта 12, в ко (пунктограмма 12, классы: все)",
    "action_flag": 3,
    "change_message": ""
  }
},
{
  "model": "admin.logentry",
  "pk": 66,
  "fields": {
    "action_time": "2026-03-12T18:23:36.098Z",
    "user": [
      "admin"
    ],
    "content_type": [
      "main",
      "ogepunktumexample"
    ],
    "object_id": "17",
    "object_repr": "Тестовое предложение для пункта 11, в ко (пунктограмма 11, классы: все)",
    "action_flag": 3,
    "change_message": ""
  }
},
{
  "model": "admin.logentry",
  "pk": 67,
  "fields": {
    "action_time": "2026-03-12T18:23:36.098Z",
    "user": [
      "admin"
    ],
    "content_type": [
      "main",
      "ogepunktumexample"
    ],
    "object_id": "16",
    "object_repr": "Тестовое предложение для пункта 7, в кот (пунктограмма 7, классы: все)",
    "action_flag": 3,
    "change_message": ""
  }
},
{
  "model": "admin.logentry",
  "pk": 68,
  "fields": {
    "action_time": "2026-03-12T18:23:36.098Z",
    "user": [
      "admin"
    ],
    "content_type": [
      "main",
      "ogepunktumexample"
    ],
    "object_id": "15",
    "object_repr": "Тестовое предложение для пункта 6, в кот (пунктограмма 6, классы: все)",
    "action_flag": 3,
    "change_message": ""
  }
},
{
  "model": "admin.logentry",
  "pk": 69,
  "fields": {
    "action_time": "2026-03-12T18:23:36.098Z",
    "user": [
      "admin"
    ],
    "content_type": [
      "main",
      "ogepunktumexample"
    ],
    "object_id": "13",
    "object_repr": "Тестовое предложение для пункта 4, в кот (пунктограмма 4, классы: все)",
    "action_flag": 3,
    "change_message": ""
  }
},
{
  "model": "admin.logentry",
  "pk": 70,
  "fields": {
    "action_time": "2026-03-12T18:23:36.098Z",
    "user": [
      "admin"
    ],
    "content_type": [
      "main",
      "ogepunktumexample"
    ],
    "object_id": "12",
    "object_repr": "Тестовое предложение для пункта 3, в кот (пунктограмма 3, классы: все)",
    "action_flag": 3,
    "change_message": ""
  }
}
]
