[
	{
		"model": "admin.logentry",
		"pk": 1,
		"fields": {
			"action_time": "2026-03-07T09:30:22.088Z",
			"user": 1,
			"content_type": 28,
			"object_id": "18",
			"object_repr": "18: Тире. Пунктограмма 18",
			"action_flag": 2,
			"change_message": "[{\"changed\": {\"fields\": [\"Rule\"]}}]"
		}
	},
	{
		"model": "admin.logentry",
		"pk": 2,
		"fields": {
			"action_time": "2026-03-07T09:30:25.224Z",
			"user": 1,
			"content_type": 28,
			"object_id": "8",
			"object_repr": "8: Тире. Пунктограмма 8",
			"action_flag": 2,
			"change_message": "[{\"changed\": {\"fields\": [\"Rule\"]}}]"
		}
	},
	{
		"model": "admin.logentry",
		"pk": 3,
		"fields": {
			"action_time": "2026-03-08T08:31:21.767Z",
			"user": 1,
			"content_type": 33,
			"object_id": "8",
			"object_repr": "фывфыв (пунктограмма 8, классы: все)",
			"action_flag": 1,
			"change_message": "[{\"added\": {}}]"
		}
	},
	{
		"model": "admin.logentry",
		"pk": 4,
		"fields": {
			"action_time": "2026-03-08T08:31:54.577Z",
			"user": 1,
			"content_type": 33,
			"object_id": "9",
			"object_repr": "фывфы (пунктограмма 18, классы: все)",
			"action_flag": 1,
			"change_message": "[{\"added\": {}}]"
		}
	},
	{
		"model": "admin.logentry",
		"pk": 5,
		"fields": {
			"action_time": "2026-03-08T08:34:18.123Z",
			"user": 1,
			"content_type": 33,
			"object_id": "7",
			"object_repr": "1) Бедность — не порок. 2) Земля — наш д (пунктограмма 8, классы: все)",
			"action_flag": 2,
			"change_message": "[]"
		}
	},
	{
		"model": "admin.logentry",
		"pk": 6,
		"fields": {
			"action_time": "2026-03-08T08:34:27.706Z",
			"user": 1,
			"content_type": 33,
			"object_id": "7",
			"object_repr": "1) Бедность — не порок. 2) Земля — наш д (пунктограмма 8, классы: все)",
			"action_flag": 2,
			"change_message": "[]"
		}
	},
	{
		"model": "admin.logentry",
		"pk": 7,
		"fields": {
			"action_time": "2026-03-08T08:34:40.460Z",
			"user": 1,
			"content_type": 33,
			"object_id": "9",
			"object_repr": "фывфы (пунктограмма 18, классы: все)",
			"action_flag": 2,
			"change_message": "[{\"changed\": {\"fields\": [\"\\u0418\\u0441\\u043f\\u043e\\u043b\\u044c\\u0437\\u043e\\u0432\\u0430\\u0442\\u044c \\u0432 \\u043a\\u0432\\u0438\\u0437\\u0430\\u0445\"]}}]"
		}
	},
	{
		"model": "admin.logentry",
		"pk": 8,
		"fields": {
			"action_time": "2026-03-08T08:38:25.315Z",
			"user": 1,
			"content_type": 33,
			"object_id": "10",
			"object_repr": "фывфывф (пунктограмма 19, классы: все)",
			"action_flag": 1,
			"change_message": "[{\"added\": {}}]"
		}
	},
	{
		"model": "admin.logentry",
		"pk": 9,
		"fields": {
			"action_time": "2026-03-08T08:38:35.712Z",
			"user": 1,
			"content_type": 33,
			"object_id": "10",
			"object_repr": "фывфывф (пунктограмма 19, классы: все)",
			"action_flag": 2,
			"change_message": "[{\"changed\": {\"fields\": [\"\\u0418\\u0441\\u043f\\u043e\\u043b\\u044c\\u0437\\u043e\\u0432\\u0430\\u0442\\u044c \\u0432 \\u043a\\u0432\\u0438\\u0437\\u0430\\u0445\"]}}]"
		}
	},
	{
		"model": "admin.logentry",
		"pk": 10,
		"fields": {
			"action_time": "2026-03-08T08:47:54.714Z",
			"user": 1,
			"content_type": 28,
			"object_id": "18",
			"object_repr": "18: Тире. Пунктограмма 18",
			"action_flag": 2,
			"change_message": "[{\"changed\": {\"fields\": [\"Letters\"]}}]"
		}
	},
	{
		"model": "admin.logentry",
		"pk": 11,
		"fields": {
			"action_time": "2026-03-08T08:57:56.809Z",
			"user": 1,
			"content_type": 33,
			"object_id": "7",
			"object_repr": "1) Бедность — не порок. 2) Земля — наш д (пунктограмма 8, классы: все)",
			"action_flag": 2,
			"change_message": "[{\"changed\": {\"fields\": [\"\\u041f\\u0440\\u0430\\u0432\\u0438\\u043b\\u044c\\u043d\\u044b\\u0435 \\u0441\\u0438\\u043c\\u0432\\u043e\\u043b\\u044b \\u043f\\u0443\\u043d\\u043a\\u0442\\u0443\\u0430\\u0446\\u0438\\u0438 (\\u0447\\u0435\\u0440\\u0435\\u0437 \\u0437\\u0430\\u043f\\u044f\\u0442\\u0443\\u044e)\"]}}]"
		}
	},
	{
		"model": "admin.logentry",
		"pk": 12,
		"fields": {
			"action_time": "2026-03-10T12:05:42.537Z",
			"user": 1,
			"content_type": 28,
			"object_id": "3",
			"object_repr": "3: Запятые. Пунктограмма 3",
			"action_flag": 2,
			"change_message": "[{\"changed\": {\"fields\": [\"Letters\"]}}]"
		}
	},
	{
		"model": "admin.logentry",
		"pk": 13,
		"fields": {
			"action_time": "2026-03-10T12:06:03.898Z",
			"user": 1,
			"content_type": 28,
			"object_id": "7",
			"object_repr": "7: Запятые. Пунктограмма 7",
			"action_flag": 2,
			"change_message": "[{\"changed\": {\"fields\": [\"Letters\"]}}]"
		}
	},
	{
		"model": "admin.logentry",
		"pk": 14,
		"fields": {
			"action_time": "2026-03-10T12:06:17.470Z",
			"user": 1,
			"content_type": 33,
			"object_id": "16",
			"object_repr": "Тестовое предложение для пункта 7, в кот (пунктограмма 7, классы: все)",
			"action_flag": 2,
			"change_message": "[{\"changed\": {\"fields\": [\"Explanation\", \"\\u041f\\u0440\\u0430\\u0432\\u0438\\u043b\\u044c\\u043d\\u044b\\u0435 \\u0441\\u0438\\u043c\\u0432\\u043e\\u043b\\u044b \\u043f\\u0443\\u043d\\u043a\\u0442\\u0443\\u0430\\u0446\\u0438\\u0438 (\\u0447\\u0435\\u0440\\u0435\\u0437 \\u0437\\u0430\\u043f\\u044f\\u0442\\u0443\\u044e)\"]}}]"
		}
	},
	{
		"model": "admin.logentry",
		"pk": 15,
		"fields": {
			"action_time": "2026-03-11T06:26:14.408Z",
			"user": 1,
			"content_type": 33,
			"object_id": "16",
			"object_repr": "Тестовое предложение для пункта 7, в кот (пунктограмма 7, классы: все)",
			"action_flag": 2,
			"change_message": "[{\"changed\": {\"fields\": [\"Text\", \"Explanation\", \"\\u041f\\u0440\\u0430\\u0432\\u0438\\u043b\\u044c\\u043d\\u044b\\u0435 \\u0441\\u0438\\u043c\\u0432\\u043e\\u043b\\u044b \\u043f\\u0443\\u043d\\u043a\\u0442\\u0443\\u0430\\u0446\\u0438\\u0438 (\\u0447\\u0435\\u0440\\u0435\\u0437 \\u0437\\u0430\\u043f\\u044f\\u0442\\u0443\\u044e)\"]}}]"
		}
	},
	{
		"model": "admin.logentry",
		"pk": 16,
		"fields": {
			"action_time": "2026-03-11T06:26:39.519Z",
			"user": 1,
			"content_type": 33,
			"object_id": "16",
			"object_repr": "Тестовое предложение для пункта 7, в кот (пунктограмма 7, классы: все)",
			"action_flag": 2,
			"change_message": "[{\"changed\": {\"fields\": [\"Text\", \"Masked word\"]}}]"
		}
	},
	{
		"model": "admin.logentry",
		"pk": 17,
		"fields": {
			"action_time": "2026-03-11T06:27:10.583Z",
			"user": 1,
			"content_type": 33,
			"object_id": "16",
			"object_repr": "Тестовое предложение для пункта 7, в кот (пунктограмма 7, классы: все)",
			"action_flag": 2,
			"change_message": "[{\"changed\": {\"fields\": [\"Masked word\"]}}]"
		}
	},
	{
		"model": "admin.logentry",
		"pk": 18,
		"fields": {
			"action_time": "2026-03-11T07:11:28.817Z",
			"user": 1,
			"content_type": 29,
			"object_id": "8500",
			"object_repr": "asdasd",
			"action_flag": 2,
			"change_message": "[{\"changed\": {\"fields\": [\"\\u041e\\u043f\\u0438\\u0441\\u0430\\u043d\\u0438\\u0435 \\u043f\\u0440\\u0430\\u0432\\u0438\\u043b\\u0430\"]}}]"
		}
	},
	{
		"model": "admin.logentry",
		"pk": 19,
		"fields": {
			"action_time": "2026-03-11T07:11:43.348Z",
			"user": 1,
			"content_type": 29,
			"object_id": "8100",
			"object_repr": "asdasd",
			"action_flag": 2,
			"change_message": "[{\"changed\": {\"fields\": [\"\\u041e\\u043f\\u0438\\u0441\\u0430\\u043d\\u0438\\u0435 \\u043f\\u0440\\u0430\\u0432\\u0438\\u043b\\u0430\"]}}]"
		}
	},
	{
		"model": "admin.logentry",
		"pk": 20,
		"fields": {
			"action_time": "2026-03-11T07:19:18.609Z",
			"user": 1,
			"content_type": 28,
			"object_id": "5",
			"object_repr": "5: Запятые. Пунктограмма 5",
			"action_flag": 3,
			"change_message": ""
		}
	},
	{
		"model": "admin.logentry",
		"pk": 21,
		"fields": {
			"action_time": "2026-03-11T07:36:46.454Z",
			"user": 1,
			"content_type": 33,
			"object_id": "11",
			"object_repr": "Тестовое предложение для пункта 2, в кот (пунктограмма 2, классы: все)",
			"action_flag": 3,
			"change_message": ""
		}
	},
	{
		"model": "admin.logentry",
		"pk": 22,
		"fields": {
			"action_time": "2026-03-11T07:37:14.033Z",
			"user": 1,
			"content_type": 33,
			"object_id": "64",
			"object_repr": "фывфыв 2*2*, sad (пунктограмма 2, классы: все)",
			"action_flag": 1,
			"change_message": "[{\"added\": {}}]"
		}
	},
	{
		"model": "admin.logentry",
		"pk": 23,
		"fields": {
			"action_time": "2026-03-12T18:23:36.097Z",
			"user": 1,
			"content_type": 33,
			"object_id": "63",
			"object_repr": "Тестовое предложение 3 для пункта 19 😊,  (пунктограмма 19, классы: все)",
			"action_flag": 3,
			"change_message": ""
		}
	},
	{
		"model": "admin.logentry",
		"pk": 24,
		"fields": {
			"action_time": "2026-03-12T18:23:36.097Z",
			"user": 1,
			"content_type": 33,
			"object_id": "62",
			"object_repr": "Тестовое предложение 2 для пункта 19 😊,  (пунктограмма 19, классы: все)",
			"action_flag": 3,
			"change_message": ""
		}
	},
	{
		"model": "admin.logentry",
		"pk": 25,
		"fields": {
			"action_time": "2026-03-12T18:23:36.097Z",
			"user": 1,
			"content_type": 33,
			"object_id": "61",
			"object_repr": "Тестовое предложение 1 для пункта 19 😊,  (пунктограмма 19, классы: все)",
			"action_flag": 3,
			"change_message": ""
		}
	},
	{
		"model": "admin.logentry",
		"pk": 26,
		"fields": {
			"action_time": "2026-03-12T18:23:36.097Z",
			"user": 1,
			"content_type": 33,
			"object_id": "60",
			"object_repr": "Тестовое предложение 3 для пункта 18 😊,  (пунктограмма 18, классы: все)",
			"action_flag": 3,
			"change_message": ""
		}
	},
	{
		"model": "admin.logentry",
		"pk": 27,
		"fields": {
			"action_time": "2026-03-12T18:23:36.097Z",
			"user": 1,
			"content_type": 33,
			"object_id": "59",
			"object_repr": "Тестовое предложение 2 для пункта 18 😊,  (пунктограмма 18, классы: все)",
			"action_flag": 3,
			"change_message": ""
		}
	},
	{
		"model": "admin.logentry",
		"pk": 28,
		"fields": {
			"action_time": "2026-03-12T18:23:36.097Z",
			"user": 1,
			"content_type": 33,
			"object_id": "58",
			"object_repr": "Тестовое предложение 1 для пункта 18 😊,  (пунктограмма 18, классы: все)",
			"action_flag": 3,
			"change_message": ""
		}
	},
	{
		"model": "admin.logentry",
		"pk": 29,
		"fields": {
			"action_time": "2026-03-12T18:23:36.097Z",
			"user": 1,
			"content_type": 33,
			"object_id": "57",
			"object_repr": "Тестовое предложение 3 для пункта 8 😊, в (пунктограмма 8, классы: все)",
			"action_flag": 3,
			"change_message": ""
		}
	},
	{
		"model": "admin.logentry",
		"pk": 30,
		"fields": {
			"action_time": "2026-03-12T18:23:36.097Z",
			"user": 1,
			"content_type": 33,
			"object_id": "56",
			"object_repr": "Тестовое предложение 2 для пункта 8 😊, в (пунктограмма 8, классы: все)",
			"action_flag": 3,
			"change_message": ""
		}
	},
	{
		"model": "admin.logentry",
		"pk": 31,
		"fields": {
			"action_time": "2026-03-12T18:23:36.097Z",
			"user": 1,
			"content_type": 33,
			"object_id": "55",
			"object_repr": "Тестовое предложение 1 для пункта 8 😊, в (пунктограмма 8, классы: все)",
			"action_flag": 3,
			"change_message": ""
		}
	},
	{
		"model": "admin.logentry",
		"pk": 32,
		"fields": {
			"action_time": "2026-03-12T18:23:36.097Z",
			"user": 1,
			"content_type": 33,
			"object_id": "54",
			"object_repr": "Тестовое предложение 3 для пункта 15 😊,  (пунктограмма 15, классы: все)",
			"action_flag": 3,
			"change_message": ""
		}
	},
	{
		"model": "admin.logentry",
		"pk": 33,
		"fields": {
			"action_time": "2026-03-12T18:23:36.097Z",
			"user": 1,
			"content_type": 33,
			"object_id": "53",
			"object_repr": "Тестовое предложение 2 для пункта 15 😊,  (пунктограмма 15, классы: все)",
			"action_flag": 3,
			"change_message": ""
		}
	},
	{
		"model": "admin.logentry",
		"pk": 34,
		"fields": {
			"action_time": "2026-03-12T18:23:36.097Z",
			"user": 1,
			"content_type": 33,
			"object_id": "52",
			"object_repr": "Тестовое предложение 1 для пункта 15 😊,  (пунктограмма 15, классы: все)",
			"action_flag": 3,
			"change_message": ""
		}
	},
	{
		"model": "admin.logentry",
		"pk": 35,
		"fields": {
			"action_time": "2026-03-12T18:23:36.097Z",
			"user": 1,
			"content_type": 33,
			"object_id": "51",
			"object_repr": "Тестовое предложение 3 для пункта 14 😊,  (пунктограмма 14, классы: все)",
			"action_flag": 3,
			"change_message": ""
		}
	},
	{
		"model": "admin.logentry",
		"pk": 36,
		"fields": {
			"action_time": "2026-03-12T18:23:36.097Z",
			"user": 1,
			"content_type": 33,
			"object_id": "50",
			"object_repr": "Тестовое предложение 2 для пункта 14 😊,  (пунктограмма 14, классы: все)",
			"action_flag": 3,
			"change_message": ""
		}
	},
	{
		"model": "admin.logentry",
		"pk": 37,
		"fields": {
			"action_time": "2026-03-12T18:23:36.097Z",
			"user": 1,
			"content_type": 33,
			"object_id": "49",
			"object_repr": "Тестовое предложение 1 для пункта 14 😊,  (пунктограмма 14, классы: все)",
			"action_flag": 3,
			"change_message": ""
		}
	},
	{
		"model": "admin.logentry",
		"pk": 38,
		"fields": {
			"action_time": "2026-03-12T18:23:36.097Z",
			"user": 1,
			"content_type": 33,
			"object_id": "48",
			"object_repr": "Тестовое предложение 3 для пункта 13 😊,  (пунктограмма 13, классы: все)",
			"action_flag": 3,
			"change_message": ""
		}
	},
	{
		"model": "admin.logentry",
		"pk": 39,
		"fields": {
			"action_time": "2026-03-12T18:23:36.098Z",
			"user": 1,
			"content_type": 33,
			"object_id": "47",
			"object_repr": "Тестовое предложение 2 для пункта 13 😊,  (пунктограмма 13, классы: все)",
			"action_flag": 3,
			"change_message": ""
		}
	},
	{
		"model": "admin.logentry",
		"pk": 40,
		"fields": {
			"action_time": "2026-03-12T18:23:36.098Z",
			"user": 1,
			"content_type": 33,
			"object_id": "46",
			"object_repr": "Тестовое предложение 1 для пункта 13 😊,  (пунктограмма 13, классы: все)",
			"action_flag": 3,
			"change_message": ""
		}
	},
	{
		"model": "admin.logentry",
		"pk": 41,
		"fields": {
			"action_time": "2026-03-12T18:23:36.098Z",
			"user": 1,
			"content_type": 33,
			"object_id": "45",
			"object_repr": "Тестовое предложение 3 для пункта 12 😊,  (пунктограмма 12, классы: все)",
			"action_flag": 3,
			"change_message": ""
		}
	},
	{
		"model": "admin.logentry",
		"pk": 42,
		"fields": {
			"action_time": "2026-03-12T18:23:36.098Z",
			"user": 1,
			"content_type": 33,
			"object_id": "44",
			"object_repr": "Тестовое предложение 2 для пункта 12 😊,  (пунктограмма 12, классы: все)",
			"action_flag": 3,
			"change_message": ""
		}
	},
	{
		"model": "admin.logentry",
		"pk": 43,
		"fields": {
			"action_time": "2026-03-12T18:23:36.098Z",
			"user": 1,
			"content_type": 33,
			"object_id": "43",
			"object_repr": "Тестовое предложение 1 для пункта 12 😊,  (пунктограмма 12, классы: все)",
			"action_flag": 3,
			"change_message": ""
		}
	},
	{
		"model": "admin.logentry",
		"pk": 44,
		"fields": {
			"action_time": "2026-03-12T18:23:36.098Z",
			"user": 1,
			"content_type": 33,
			"object_id": "42",
			"object_repr": "Тестовое предложение 3 для пункта 11 😊,  (пунктограмма 11, классы: все)",
			"action_flag": 3,
			"change_message": ""
		}
	},
	{
		"model": "admin.logentry",
		"pk": 45,
		"fields": {
			"action_time": "2026-03-12T18:23:36.098Z",
			"user": 1,
			"content_type": 33,
			"object_id": "41",
			"object_repr": "Тестовое предложение 2 для пункта 11 😊,  (пунктограмма 11, классы: все)",
			"action_flag": 3,
			"change_message": ""
		}
	},
	{
		"model": "admin.logentry",
		"pk": 46,
		"fields": {
			"action_time": "2026-03-12T18:23:36.098Z",
			"user": 1,
			"content_type": 33,
			"object_id": "40",
			"object_repr": "Тестовое предложение 1 для пункта 11 😊,  (пунктограмма 11, классы: все)",
			"action_flag": 3,
			"change_message": ""
		}
	},
	{
		"model": "admin.logentry",
		"pk": 47,
		"fields": {
			"action_time": "2026-03-12T18:23:36.098Z",
			"user": 1,
			"content_type": 33,
			"object_id": "39",
			"object_repr": "Тестовое предложение 3 для пункта 7 😊, в (пунктограмма 7, классы: все)",
			"action_flag": 3,
			"change_message": ""
		}
	},
	{
		"model": "admin.logentry",
		"pk": 48,
		"fields": {
			"action_time": "2026-03-12T18:23:36.098Z",
			"user": 1,
			"content_type": 33,
			"object_id": "38",
			"object_repr": "Тестовое предложение 2 для пункта 7 😊, в (пунктограмма 7, классы: все)",
			"action_flag": 3,
			"change_message": ""
		}
	},
	{
		"model": "admin.logentry",
		"pk": 49,
		"fields": {
			"action_time": "2026-03-12T18:23:36.098Z",
			"user": 1,
			"content_type": 33,
			"object_id": "37",
			"object_repr": "Тестовое предложение 1 для пункта 7 😊, в (пунктограмма 7, классы: все)",
			"action_flag": 3,
			"change_message": ""
		}
	},
	{
		"model": "admin.logentry",
		"pk": 50,
		"fields": {
			"action_time": "2026-03-12T18:23:36.098Z",
			"user": 1,
			"content_type": 33,
			"object_id": "36",
			"object_repr": "Тестовое предложение 3 для пункта 6 😊, в (пунктограмма 6, классы: все)",
			"action_flag": 3,
			"change_message": ""
		}
	},
	{
		"model": "admin.logentry",
		"pk": 51,
		"fields": {
			"action_time": "2026-03-12T18:23:36.098Z",
			"user": 1,
			"content_type": 33,
			"object_id": "35",
			"object_repr": "Тестовое предложение 2 для пункта 6 😊, в (пунктограмма 6, классы: все)",
			"action_flag": 3,
			"change_message": ""
		}
	},
	{
		"model": "admin.logentry",
		"pk": 52,
		"fields": {
			"action_time": "2026-03-12T18:23:36.098Z",
			"user": 1,
			"content_type": 33,
			"object_id": "34",
			"object_repr": "Тестовое предложение 1 для пункта 6 😊, в (пунктограмма 6, классы: все)",
			"action_flag": 3,
			"change_message": ""
		}
	},
	{
		"model": "admin.logentry",
		"pk": 53,
		"fields": {
			"action_time": "2026-03-12T18:23:36.098Z",
			"user": 1,
			"content_type": 33,
			"object_id": "30",
			"object_repr": "Тестовое предложение 3 для пункта 4 😊, в (пунктограмма 4, классы: все)",
			"action_flag": 3,
			"change_message": ""
		}
	},
	{
		"model": "admin.logentry",
		"pk": 54,
		"fields": {
			"action_time": "2026-03-12T18:23:36.098Z",
			"user": 1,
			"content_type": 33,
			"object_id": "29",
			"object_repr": "Тестовое предложение 2 для пункта 4 😊, в (пунктограмма 4, классы: все)",
			"action_flag": 3,
			"change_message": ""
		}
	},
	{
		"model": "admin.logentry",
		"pk": 55,
		"fields": {
			"action_time": "2026-03-12T18:23:36.098Z",
			"user": 1,
			"content_type": 33,
			"object_id": "28",
			"object_repr": "Тестовое предложение 1 для пункта 4 😊, в (пунктограмма 4, классы: все)",
			"action_flag": 3,
			"change_message": ""
		}
	},
	{
		"model": "admin.logentry",
		"pk": 56,
		"fields": {
			"action_time": "2026-03-12T18:23:36.098Z",
			"user": 1,
			"content_type": 33,
			"object_id": "27",
			"object_repr": "Тестовое предложение 3 для пункта 3 😊, в (пунктограмма 3, классы: все)",
			"action_flag": 3,
			"change_message": ""
		}
	},
	{
		"model": "admin.logentry",
		"pk": 57,
		"fields": {
			"action_time": "2026-03-12T18:23:36.098Z",
			"user": 1,
			"content_type": 33,
			"object_id": "26",
			"object_repr": "Тестовое предложение 2 для пункта 3 😊, в (пунктограмма 3, классы: все)",
			"action_flag": 3,
			"change_message": ""
		}
	},
	{
		"model": "admin.logentry",
		"pk": 58,
		"fields": {
			"action_time": "2026-03-12T18:23:36.098Z",
			"user": 1,
			"content_type": 33,
			"object_id": "25",
			"object_repr": "Тестовое предложение 1 для пункта 3 😊, в (пунктограмма 3, классы: все)",
			"action_flag": 3,
			"change_message": ""
		}
	},
	{
		"model": "admin.logentry",
		"pk": 59,
		"fields": {
			"action_time": "2026-03-12T18:23:36.098Z",
			"user": 1,
			"content_type": 33,
			"object_id": "24",
			"object_repr": "Тестовое предложение 3 для пункта 2 😊, в (пунктограмма 2, классы: все)",
			"action_flag": 3,
			"change_message": ""
		}
	},
	{
		"model": "admin.logentry",
		"pk": 60,
		"fields": {
			"action_time": "2026-03-12T18:23:36.098Z",
			"user": 1,
			"content_type": 33,
			"object_id": "23",
			"object_repr": "Тестовое предложение 2 для пункта 2 😊, в (пунктограмма 2, классы: все)",
			"action_flag": 3,
			"change_message": ""
		}
	},
	{
		"model": "admin.logentry",
		"pk": 61,
		"fields": {
			"action_time": "2026-03-12T18:23:36.098Z",
			"user": 1,
			"content_type": 33,
			"object_id": "22",
			"object_repr": "Тестовое предложение 1 для пункта 2 😊, в (пунктограмма 2, классы: все)",
			"action_flag": 3,
			"change_message": ""
		}
	},
	{
		"model": "admin.logentry",
		"pk": 62,
		"fields": {
			"action_time": "2026-03-12T18:23:36.098Z",
			"user": 1,
			"content_type": 33,
			"object_id": "21",
			"object_repr": "Тестовое предложение для пункта 15, в ко (пунктограмма 15, классы: все)",
			"action_flag": 3,
			"change_message": ""
		}
	},
	{
		"model": "admin.logentry",
		"pk": 63,
		"fields": {
			"action_time": "2026-03-12T18:23:36.098Z",
			"user": 1,
			"content_type": 33,
			"object_id": "20",
			"object_repr": "Тестовое предложение для пункта 14, в ко (пунктограмма 14, классы: все)",
			"action_flag": 3,
			"change_message": ""
		}
	},
	{
		"model": "admin.logentry",
		"pk": 64,
		"fields": {
			"action_time": "2026-03-12T18:23:36.098Z",
			"user": 1,
			"content_type": 33,
			"object_id": "19",
			"object_repr": "Тестовое предложение для пункта 13, в ко (пунктограмма 13, классы: все)",
			"action_flag": 3,
			"change_message": ""
		}
	},
	{
		"model": "admin.logentry",
		"pk": 65,
		"fields": {
			"action_time": "2026-03-12T18:23:36.098Z",
			"user": 1,
			"content_type": 33,
			"object_id": "18",
			"object_repr": "Тестовое предложение для пункта 12, в ко (пунктограмма 12, классы: все)",
			"action_flag": 3,
			"change_message": ""
		}
	},
	{
		"model": "admin.logentry",
		"pk": 66,
		"fields": {
			"action_time": "2026-03-12T18:23:36.098Z",
			"user": 1,
			"content_type": 33,
			"object_id": "17",
			"object_repr": "Тестовое предложение для пункта 11, в ко (пунктограмма 11, классы: все)",
			"action_flag": 3,
			"change_message": ""
		}
	},
	{
		"model": "admin.logentry",
		"pk": 67,
		"fields": {
			"action_time": "2026-03-12T18:23:36.098Z",
			"user": 1,
			"content_type": 33,
			"object_id": "16",
			"object_repr": "Тестовое предложение для пункта 7, в кот (пунктограмма 7, классы: все)",
			"action_flag": 3,
			"change_message": ""
		}
	},
	{
		"model": "admin.logentry",
		"pk": 68,
		"fields": {
			"action_time": "2026-03-12T18:23:36.098Z",
			"user": 1,
			"content_type": 33,
			"object_id": "15",
			"object_repr": "Тестовое предложение для пункта 6, в кот (пунктограмма 6, классы: все)",
			"action_flag": 3,
			"change_message": ""
		}
	},
	{
		"model": "admin.logentry",
		"pk": 69,
		"fields": {
			"action_time": "2026-03-12T18:23:36.098Z",
			"user": 1,
			"content_type": 33,
			"object_id": "13",
			"object_repr": "Тестовое предложение для пункта 4, в кот (пунктограмма 4, классы: все)",
			"action_flag": 3,
			"change_message": ""
		}
	},
	{
		"model": "admin.logentry",
		"pk": 70,
		"fields": {
			"action_time": "2026-03-12T18:23:36.098Z",
			"user": 1,
			"content_type": 33,
			"object_id": "12",
			"object_repr": "Тестовое предложение для пункта 3, в кот (пунктограмма 3, классы: все)",
			"action_flag": 3,
			"change_message": ""
		}
	},
	{
		"model": "admin.logentry",
		"pk": 71,
		"fields": {
			"action_time": "2026-03-16T16:40:45.681Z",
			"user": 1,
			"content_type": 29,
			"object_id": "8100",
			"object_repr": "фывфывфыв",
			"action_flag": 2,
			"change_message": "[{\"changed\": {\"fields\": [\"\\u041e\\u043f\\u0438\\u0441\\u0430\\u043d\\u0438\\u0435 \\u043f\\u0440\\u0430\\u0432\\u0438\\u043b\\u0430\"]}}]"
		}
	},
	{
		"model": "admin.logentry",
		"pk": 72,
		"fields": {
			"action_time": "2026-03-16T16:48:15.804Z",
			"user": 1,
			"content_type": 34,
			"object_id": "9",
			"object_repr": "Днём, при солнечном свете, мы видим только землю, ",
			"action_flag": 2,
			"change_message": "[{\"changed\": {\"fields\": [\"Error type\"]}}]"
		}
	},
	{
		"model": "admin.logentry",
		"pk": 73,
		"fields": {
			"action_time": "2026-03-16T16:48:56.286Z",
			"user": 1,
			"content_type": 29,
			"object_id": "8100",
			"object_repr": "123",
			"action_flag": 2,
			"change_message": "[{\"changed\": {\"fields\": [\"\\u041e\\u043f\\u0438\\u0441\\u0430\\u043d\\u0438\\u0435 \\u043f\\u0440\\u0430\\u0432\\u0438\\u043b\\u0430\"]}}]"
		}
	},
	{
		"model": "admin.logentry",
		"pk": 74,
		"fields": {
			"action_time": "2026-03-16T16:49:08.359Z",
			"user": 1,
			"content_type": 34,
			"object_id": "9",
			"object_repr": "Днём, при солнечном свете, мы видим только землю, ",
			"action_flag": 2,
			"change_message": "[{\"changed\": {\"fields\": [\"Error type\"]}}]"
		}
	},
	{
		"model": "auth.permission",
		"pk": 1,
		"fields": {
			"name": "Can add log entry",
			"content_type": 1,
			"codename": "add_logentry"
		}
	},
	{
		"model": "auth.permission",
		"pk": 2,
		"fields": {
			"name": "Can change log entry",
			"content_type": 1,
			"codename": "change_logentry"
		}
	},
	{
		"model": "auth.permission",
		"pk": 3,
		"fields": {
			"name": "Can delete log entry",
			"content_type": 1,
			"codename": "delete_logentry"
		}
	},
	{
		"model": "auth.permission",
		"pk": 4,
		"fields": {
			"name": "Can view log entry",
			"content_type": 1,
			"codename": "view_logentry"
		}
	},
	{
		"model": "auth.permission",
		"pk": 5,
		"fields": {
			"name": "Can add permission",
			"content_type": 2,
			"codename": "add_permission"
		}
	},
	{
		"model": "auth.permission",
		"pk": 6,
		"fields": {
			"name": "Can change permission",
			"content_type": 2,
			"codename": "change_permission"
		}
	},
	{
		"model": "auth.permission",
		"pk": 7,
		"fields": {
			"name": "Can delete permission",
			"content_type": 2,
			"codename": "delete_permission"
		}
	},
	{
		"model": "auth.permission",
		"pk": 8,
		"fields": {
			"name": "Can view permission",
			"content_type": 2,
			"codename": "view_permission"
		}
	},
	{
		"model": "auth.permission",
		"pk": 9,
		"fields": {
			"name": "Can add group",
			"content_type": 3,
			"codename": "add_group"
		}
	},
	{
		"model": "auth.permission",
		"pk": 10,
		"fields": {
			"name": "Can change group",
			"content_type": 3,
			"codename": "change_group"
		}
	},
	{
		"model": "auth.permission",
		"pk": 11,
		"fields": {
			"name": "Can delete group",
			"content_type": 3,
			"codename": "delete_group"
		}
	},
	{
		"model": "auth.permission",
		"pk": 12,
		"fields": {
			"name": "Can view group",
			"content_type": 3,
			"codename": "view_group"
		}
	},
	{
		"model": "auth.permission",
		"pk": 13,
		"fields": {
			"name": "Can add user",
			"content_type": 4,
			"codename": "add_user"
		}
	},
	{
		"model": "auth.permission",
		"pk": 14,
		"fields": {
			"name": "Can change user",
			"content_type": 4,
			"codename": "change_user"
		}
	},
	{
		"model": "auth.permission",
		"pk": 15,
		"fields": {
			"name": "Can delete user",
			"content_type": 4,
			"codename": "delete_user"
		}
	},
	{
		"model": "auth.permission",
		"pk": 16,
		"fields": {
			"name": "Can view user",
			"content_type": 4,
			"codename": "view_user"
		}
	},
	{
		"model": "auth.permission",
		"pk": 17,
		"fields": {
			"name": "Can add content type",
			"content_type": 5,
			"codename": "add_contenttype"
		}
	},
	{
		"model": "auth.permission",
		"pk": 18,
		"fields": {
			"name": "Can change content type",
			"content_type": 5,
			"codename": "change_contenttype"
		}
	},
	{
		"model": "auth.permission",
		"pk": 19,
		"fields": {
			"name": "Can delete content type",
			"content_type": 5,
			"codename": "delete_contenttype"
		}
	},
	{
		"model": "auth.permission",
		"pk": 20,
		"fields": {
			"name": "Can view content type",
			"content_type": 5,
			"codename": "view_contenttype"
		}
	},
	{
		"model": "auth.permission",
		"pk": 21,
		"fields": {
			"name": "Can add session",
			"content_type": 6,
			"codename": "add_session"
		}
	},
	{
		"model": "auth.permission",
		"pk": 22,
		"fields": {
			"name": "Can change session",
			"content_type": 6,
			"codename": "change_session"
		}
	},
	{
		"model": "auth.permission",
		"pk": 23,
		"fields": {
			"name": "Can delete session",
			"content_type": 6,
			"codename": "delete_session"
		}
	},
	{
		"model": "auth.permission",
		"pk": 24,
		"fields": {
			"name": "Can view session",
			"content_type": 6,
			"codename": "view_session"
		}
	},
	{
		"model": "auth.permission",
		"pk": 25,
		"fields": {
			"name": "Can add user profile",
			"content_type": 7,
			"codename": "add_userprofile"
		}
	},
	{
		"model": "auth.permission",
		"pk": 26,
		"fields": {
			"name": "Can change user profile",
			"content_type": 7,
			"codename": "change_userprofile"
		}
	},
	{
		"model": "auth.permission",
		"pk": 27,
		"fields": {
			"name": "Can delete user profile",
			"content_type": 7,
			"codename": "delete_userprofile"
		}
	},
	{
		"model": "auth.permission",
		"pk": 28,
		"fields": {
			"name": "Can view user profile",
			"content_type": 7,
			"codename": "view_userprofile"
		}
	},
	{
		"model": "auth.permission",
		"pk": 29,
		"fields": {
			"name": "Can add Пример пользователя",
			"content_type": 8,
			"codename": "add_userexample"
		}
	},
	{
		"model": "auth.permission",
		"pk": 30,
		"fields": {
			"name": "Can change Пример пользователя",
			"content_type": 8,
			"codename": "change_userexample"
		}
	},
	{
		"model": "auth.permission",
		"pk": 31,
		"fields": {
			"name": "Can delete Пример пользователя",
			"content_type": 8,
			"codename": "delete_userexample"
		}
	},
	{
		"model": "auth.permission",
		"pk": 32,
		"fields": {
			"name": "Can view Пример пользователя",
			"content_type": 8,
			"codename": "view_userexample"
		}
	},
	{
		"model": "auth.permission",
		"pk": 33,
		"fields": {
			"name": "Can add Правильный ответ",
			"content_type": 9,
			"codename": "add_correctanswer"
		}
	},
	{
		"model": "auth.permission",
		"pk": 34,
		"fields": {
			"name": "Can change Правильный ответ",
			"content_type": 9,
			"codename": "change_correctanswer"
		}
	},
	{
		"model": "auth.permission",
		"pk": 35,
		"fields": {
			"name": "Can delete Правильный ответ",
			"content_type": 9,
			"codename": "delete_correctanswer"
		}
	},
	{
		"model": "auth.permission",
		"pk": 36,
		"fields": {
			"name": "Can view Правильный ответ",
			"content_type": 9,
			"codename": "view_correctanswer"
		}
	},
	{
		"model": "auth.permission",
		"pk": 37,
		"fields": {
			"name": "Can add orthogram",
			"content_type": 10,
			"codename": "add_orthogram"
		}
	},
	{
		"model": "auth.permission",
		"pk": 38,
		"fields": {
			"name": "Can change orthogram",
			"content_type": 10,
			"codename": "change_orthogram"
		}
	},
	{
		"model": "auth.permission",
		"pk": 39,
		"fields": {
			"name": "Can delete orthogram",
			"content_type": 10,
			"codename": "delete_orthogram"
		}
	},
	{
		"model": "auth.permission",
		"pk": 40,
		"fields": {
			"name": "Can view orthogram",
			"content_type": 10,
			"codename": "view_orthogram"
		}
	},
	{
		"model": "auth.permission",
		"pk": 41,
		"fields": {
			"name": "Can add orthogram example",
			"content_type": 11,
			"codename": "add_orthogramexample"
		}
	},
	{
		"model": "auth.permission",
		"pk": 42,
		"fields": {
			"name": "Can change orthogram example",
			"content_type": 11,
			"codename": "change_orthogramexample"
		}
	},
	{
		"model": "auth.permission",
		"pk": 43,
		"fields": {
			"name": "Can delete orthogram example",
			"content_type": 11,
			"codename": "delete_orthogramexample"
		}
	},
	{
		"model": "auth.permission",
		"pk": 44,
		"fields": {
			"name": "Can view orthogram example",
			"content_type": 11,
			"codename": "view_orthogramexample"
		}
	},
	{
		"model": "auth.permission",
		"pk": 45,
		"fields": {
			"name": "Can add Ответ ученика",
			"content_type": 12,
			"codename": "add_studentanswer"
		}
	},
	{
		"model": "auth.permission",
		"pk": 46,
		"fields": {
			"name": "Can change Ответ ученика",
			"content_type": 12,
			"codename": "change_studentanswer"
		}
	},
	{
		"model": "auth.permission",
		"pk": 47,
		"fields": {
			"name": "Can delete Ответ ученика",
			"content_type": 12,
			"codename": "delete_studentanswer"
		}
	},
	{
		"model": "auth.permission",
		"pk": 48,
		"fields": {
			"name": "Can view Ответ ученика",
			"content_type": 12,
			"codename": "view_studentanswer"
		}
	},
	{
		"model": "auth.permission",
		"pk": 49,
		"fields": {
			"name": "Can add punktum example",
			"content_type": 13,
			"codename": "add_punktumexample"
		}
	},
	{
		"model": "auth.permission",
		"pk": 50,
		"fields": {
			"name": "Can change punktum example",
			"content_type": 13,
			"codename": "change_punktumexample"
		}
	},
	{
		"model": "auth.permission",
		"pk": 51,
		"fields": {
			"name": "Can delete punktum example",
			"content_type": 13,
			"codename": "delete_punktumexample"
		}
	},
	{
		"model": "auth.permission",
		"pk": 52,
		"fields": {
			"name": "Can view punktum example",
			"content_type": 13,
			"codename": "view_punktumexample"
		}
	},
	{
		"model": "auth.permission",
		"pk": 53,
		"fields": {
			"name": "Can add punktum",
			"content_type": 14,
			"codename": "add_punktum"
		}
	},
	{
		"model": "auth.permission",
		"pk": 54,
		"fields": {
			"name": "Can change punktum",
			"content_type": 14,
			"codename": "change_punktum"
		}
	},
	{
		"model": "auth.permission",
		"pk": 55,
		"fields": {
			"name": "Can delete punktum",
			"content_type": 14,
			"codename": "delete_punktum"
		}
	},
	{
		"model": "auth.permission",
		"pk": 56,
		"fields": {
			"name": "Can view punktum",
			"content_type": 14,
			"codename": "view_punktum"
		}
	},
	{
		"model": "auth.permission",
		"pk": 57,
		"fields": {
			"name": "Can add Текст для анализа 2-4",
			"content_type": 15,
			"codename": "add_textanalysistask"
		}
	},
	{
		"model": "auth.permission",
		"pk": 58,
		"fields": {
			"name": "Can change Текст для анализа 2-4",
			"content_type": 15,
			"codename": "change_textanalysistask"
		}
	},
	{
		"model": "auth.permission",
		"pk": 59,
		"fields": {
			"name": "Can delete Текст для анализа 2-4",
			"content_type": 15,
			"codename": "delete_textanalysistask"
		}
	},
	{
		"model": "auth.permission",
		"pk": 60,
		"fields": {
			"name": "Can view Текст для анализа 2-4",
			"content_type": 15,
			"codename": "view_textanalysistask"
		}
	},
	{
		"model": "auth.permission",
		"pk": 61,
		"fields": {
			"name": "Can add Вопрос к тексту",
			"content_type": 16,
			"codename": "add_textquestion"
		}
	},
	{
		"model": "auth.permission",
		"pk": 62,
		"fields": {
			"name": "Can change Вопрос к тексту",
			"content_type": 16,
			"codename": "change_textquestion"
		}
	},
	{
		"model": "auth.permission",
		"pk": 63,
		"fields": {
			"name": "Can delete Вопрос к тексту",
			"content_type": 16,
			"codename": "delete_textquestion"
		}
	},
	{
		"model": "auth.permission",
		"pk": 64,
		"fields": {
			"name": "Can view Вопрос к тексту",
			"content_type": 16,
			"codename": "view_textquestion"
		}
	},
	{
		"model": "auth.permission",
		"pk": 65,
		"fields": {
			"name": "Can add Вариант ответа",
			"content_type": 17,
			"codename": "add_questionoption"
		}
	},
	{
		"model": "auth.permission",
		"pk": 66,
		"fields": {
			"name": "Can change Вариант ответа",
			"content_type": 17,
			"codename": "change_questionoption"
		}
	},
	{
		"model": "auth.permission",
		"pk": 67,
		"fields": {
			"name": "Can delete Вариант ответа",
			"content_type": 17,
			"codename": "delete_questionoption"
		}
	},
	{
		"model": "auth.permission",
		"pk": 68,
		"fields": {
			"name": "Can view Вариант ответа",
			"content_type": 17,
			"codename": "view_questionoption"
		}
	},
	{
		"model": "auth.permission",
		"pk": 69,
		"fields": {
			"name": "Can add Слово для орфоэпии",
			"content_type": 18,
			"codename": "add_orthoepyword"
		}
	},
	{
		"model": "auth.permission",
		"pk": 70,
		"fields": {
			"name": "Can change Слово для орфоэпии",
			"content_type": 18,
			"codename": "change_orthoepyword"
		}
	},
	{
		"model": "auth.permission",
		"pk": 71,
		"fields": {
			"name": "Can delete Слово для орфоэпии",
			"content_type": 18,
			"codename": "delete_orthoepyword"
		}
	},
	{
		"model": "auth.permission",
		"pk": 72,
		"fields": {
			"name": "Can view Слово для орфоэпии",
			"content_type": 18,
			"codename": "view_orthoepyword"
		}
	},
	{
		"model": "auth.permission",
		"pk": 73,
		"fields": {
			"name": "Can add ЗАДАНИЕ 8: исправь ошибку",
			"content_type": 19,
			"codename": "add_correctionexercise"
		}
	},
	{
		"model": "auth.permission",
		"pk": 74,
		"fields": {
			"name": "Can change ЗАДАНИЕ 8: исправь ошибку",
			"content_type": 19,
			"codename": "change_correctionexercise"
		}
	},
	{
		"model": "auth.permission",
		"pk": 75,
		"fields": {
			"name": "Can delete ЗАДАНИЕ 8: исправь ошибку",
			"content_type": 19,
			"codename": "delete_correctionexercise"
		}
	},
	{
		"model": "auth.permission",
		"pk": 76,
		"fields": {
			"name": "Can view ЗАДАНИЕ 8: исправь ошибку",
			"content_type": 19,
			"codename": "view_correctionexercise"
		}
	},
	{
		"model": "auth.permission",
		"pk": 77,
		"fields": {
			"name": "Can add Тип ошибки (задание 9)",
			"content_type": 20,
			"codename": "add_taskgrammaticeight"
		}
	},
	{
		"model": "auth.permission",
		"pk": 78,
		"fields": {
			"name": "Can change Тип ошибки (задание 9)",
			"content_type": 20,
			"codename": "change_taskgrammaticeight"
		}
	},
	{
		"model": "auth.permission",
		"pk": 79,
		"fields": {
			"name": "Can delete Тип ошибки (задание 9)",
			"content_type": 20,
			"codename": "delete_taskgrammaticeight"
		}
	},
	{
		"model": "auth.permission",
		"pk": 80,
		"fields": {
			"name": "Can view Тип ошибки (задание 9)",
			"content_type": 20,
			"codename": "view_taskgrammaticeight"
		}
	},
	{
		"model": "auth.permission",
		"pk": 81,
		"fields": {
			"name": "Can add Пример для задания 9",
			"content_type": 21,
			"codename": "add_taskgrammaticeightexample"
		}
	},
	{
		"model": "auth.permission",
		"pk": 82,
		"fields": {
			"name": "Can change Пример для задания 9",
			"content_type": 21,
			"codename": "change_taskgrammaticeightexample"
		}
	},
	{
		"model": "auth.permission",
		"pk": 83,
		"fields": {
			"name": "Can delete Пример для задания 9",
			"content_type": 21,
			"codename": "delete_taskgrammaticeightexample"
		}
	},
	{
		"model": "auth.permission",
		"pk": 84,
		"fields": {
			"name": "Can view Пример для задания 9",
			"content_type": 21,
			"codename": "view_taskgrammaticeightexample"
		}
	},
	{
		"model": "auth.permission",
		"pk": 85,
		"fields": {
			"name": "Can add Средство выразительности (задание 23)",
			"content_type": 22,
			"codename": "add_taskgrammatictwotwo"
		}
	},
	{
		"model": "auth.permission",
		"pk": 86,
		"fields": {
			"name": "Can change Средство выразительности (задание 23)",
			"content_type": 22,
			"codename": "change_taskgrammatictwotwo"
		}
	},
	{
		"model": "auth.permission",
		"pk": 87,
		"fields": {
			"name": "Can delete Средство выразительности (задание 23)",
			"content_type": 22,
			"codename": "delete_taskgrammatictwotwo"
		}
	},
	{
		"model": "auth.permission",
		"pk": 88,
		"fields": {
			"name": "Can view Средство выразительности (задание 23)",
			"content_type": 22,
			"codename": "view_taskgrammatictwotwo"
		}
	},
	{
		"model": "auth.permission",
		"pk": 89,
		"fields": {
			"name": "Can add Пример для задания 23",
			"content_type": 23,
			"codename": "add_taskgrammatictwotwoexample"
		}
	},
	{
		"model": "auth.permission",
		"pk": 90,
		"fields": {
			"name": "Can change Пример для задания 23",
			"content_type": 23,
			"codename": "change_taskgrammatictwotwoexample"
		}
	},
	{
		"model": "auth.permission",
		"pk": 91,
		"fields": {
			"name": "Can delete Пример для задания 23",
			"content_type": 23,
			"codename": "delete_taskgrammatictwotwoexample"
		}
	},
	{
		"model": "auth.permission",
		"pk": 92,
		"fields": {
			"name": "Can view Пример для задания 23",
			"content_type": 23,
			"codename": "view_taskgrammatictwotwoexample"
		}
	},
	{
		"model": "auth.permission",
		"pk": 93,
		"fields": {
			"name": "Can add ПАРОНИМЫ задание 6",
			"content_type": 24,
			"codename": "add_taskpaponim"
		}
	},
	{
		"model": "auth.permission",
		"pk": 94,
		"fields": {
			"name": "Can change ПАРОНИМЫ задание 6",
			"content_type": 24,
			"codename": "change_taskpaponim"
		}
	},
	{
		"model": "auth.permission",
		"pk": 95,
		"fields": {
			"name": "Can delete ПАРОНИМЫ задание 6",
			"content_type": 24,
			"codename": "delete_taskpaponim"
		}
	},
	{
		"model": "auth.permission",
		"pk": 96,
		"fields": {
			"name": "Can view ПАРОНИМЫ задание 6",
			"content_type": 24,
			"codename": "view_taskpaponim"
		}
	},
	{
		"model": "auth.permission",
		"pk": 97,
		"fields": {
			"name": "Can add Задание 7: Лексические нормы",
			"content_type": 25,
			"codename": "add_wordok"
		}
	},
	{
		"model": "auth.permission",
		"pk": 98,
		"fields": {
			"name": "Can change Задание 7: Лексические нормы",
			"content_type": 25,
			"codename": "change_wordok"
		}
	},
	{
		"model": "auth.permission",
		"pk": 99,
		"fields": {
			"name": "Can delete Задание 7: Лексические нормы",
			"content_type": 25,
			"codename": "delete_wordok"
		}
	},
	{
		"model": "auth.permission",
		"pk": 100,
		"fields": {
			"name": "Can view Задание 7: Лексические нормы",
			"content_type": 25,
			"codename": "view_wordok"
		}
	},
	{
		"model": "auth.permission",
		"pk": 101,
		"fields": {
			"name": "Can add ОГЭ: Задание 8 — исправь ошибку",
			"content_type": 26,
			"codename": "add_ogecorrectionexercise"
		}
	},
	{
		"model": "auth.permission",
		"pk": 102,
		"fields": {
			"name": "Can change ОГЭ: Задание 8 — исправь ошибку",
			"content_type": 26,
			"codename": "change_ogecorrectionexercise"
		}
	},
	{
		"model": "auth.permission",
		"pk": 103,
		"fields": {
			"name": "Can delete ОГЭ: Задание 8 — исправь ошибку",
			"content_type": 26,
			"codename": "delete_ogecorrectionexercise"
		}
	},
	{
		"model": "auth.permission",
		"pk": 104,
		"fields": {
			"name": "Can view ОГЭ: Задание 8 — исправь ошибку",
			"content_type": 26,
			"codename": "view_ogecorrectionexercise"
		}
	},
	{
		"model": "auth.permission",
		"pk": 105,
		"fields": {
			"name": "Can add ОГЭ: Орфограмма (задание 7)",
			"content_type": 27,
			"codename": "add_ogeorthogram"
		}
	},
	{
		"model": "auth.permission",
		"pk": 106,
		"fields": {
			"name": "Can change ОГЭ: Орфограмма (задание 7)",
			"content_type": 27,
			"codename": "change_ogeorthogram"
		}
	},
	{
		"model": "auth.permission",
		"pk": 107,
		"fields": {
			"name": "Can delete ОГЭ: Орфограмма (задание 7)",
			"content_type": 27,
			"codename": "delete_ogeorthogram"
		}
	},
	{
		"model": "auth.permission",
		"pk": 108,
		"fields": {
			"name": "Can view ОГЭ: Орфограмма (задание 7)",
			"content_type": 27,
			"codename": "view_ogeorthogram"
		}
	},
	{
		"model": "auth.permission",
		"pk": 109,
		"fields": {
			"name": "Can add ОГЭ: Пунктограмма (задание 5)",
			"content_type": 28,
			"codename": "add_ogepunktum"
		}
	},
	{
		"model": "auth.permission",
		"pk": 110,
		"fields": {
			"name": "Can change ОГЭ: Пунктограмма (задание 5)",
			"content_type": 28,
			"codename": "change_ogepunktum"
		}
	},
	{
		"model": "auth.permission",
		"pk": 111,
		"fields": {
			"name": "Can delete ОГЭ: Пунктограмма (задание 5)",
			"content_type": 28,
			"codename": "delete_ogepunktum"
		}
	},
	{
		"model": "auth.permission",
		"pk": 112,
		"fields": {
			"name": "Can view ОГЭ: Пунктограмма (задание 5)",
			"content_type": 28,
			"codename": "view_ogepunktum"
		}
	},
	{
		"model": "auth.permission",
		"pk": 113,
		"fields": {
			"name": "Can add ОГЭ: Пунктуационное правило (задание 5)",
			"content_type": 29,
			"codename": "add_ogetaskgrammaticeight"
		}
	},
	{
		"model": "auth.permission",
		"pk": 114,
		"fields": {
			"name": "Can change ОГЭ: Пунктуационное правило (задание 5)",
			"content_type": 29,
			"codename": "change_ogetaskgrammaticeight"
		}
	},
	{
		"model": "auth.permission",
		"pk": 115,
		"fields": {
			"name": "Can delete ОГЭ: Пунктуационное правило (задание 5)",
			"content_type": 29,
			"codename": "delete_ogetaskgrammaticeight"
		}
	},
	{
		"model": "auth.permission",
		"pk": 116,
		"fields": {
			"name": "Can view ОГЭ: Пунктуационное правило (задание 5)",
			"content_type": 29,
			"codename": "view_ogetaskgrammaticeight"
		}
	},
	{
		"model": "auth.permission",
		"pk": 117,
		"fields": {
			"name": "Can add ОГЭ: Текст для анализа",
			"content_type": 30,
			"codename": "add_ogetextanalysistask"
		}
	},
	{
		"model": "auth.permission",
		"pk": 118,
		"fields": {
			"name": "Can change ОГЭ: Текст для анализа",
			"content_type": 30,
			"codename": "change_ogetextanalysistask"
		}
	},
	{
		"model": "auth.permission",
		"pk": 119,
		"fields": {
			"name": "Can delete ОГЭ: Текст для анализа",
			"content_type": 30,
			"codename": "delete_ogetextanalysistask"
		}
	},
	{
		"model": "auth.permission",
		"pk": 120,
		"fields": {
			"name": "Can view ОГЭ: Текст для анализа",
			"content_type": 30,
			"codename": "view_ogetextanalysistask"
		}
	},
	{
		"model": "auth.permission",
		"pk": 121,
		"fields": {
			"name": "Can add ОГЭ: Задание 9 — лексические нормы",
			"content_type": 31,
			"codename": "add_ogewordok"
		}
	},
	{
		"model": "auth.permission",
		"pk": 122,
		"fields": {
			"name": "Can change ОГЭ: Задание 9 — лексические нормы",
			"content_type": 31,
			"codename": "change_ogewordok"
		}
	},
	{
		"model": "auth.permission",
		"pk": 123,
		"fields": {
			"name": "Can delete ОГЭ: Задание 9 — лексические нормы",
			"content_type": 31,
			"codename": "delete_ogewordok"
		}
	},
	{
		"model": "auth.permission",
		"pk": 124,
		"fields": {
			"name": "Can view ОГЭ: Задание 9 — лексические нормы",
			"content_type": 31,
			"codename": "view_ogewordok"
		}
	},
	{
		"model": "auth.permission",
		"pk": 125,
		"fields": {
			"name": "Can add ОГЭ: Пример орфограммы (задание 7)",
			"content_type": 32,
			"codename": "add_ogeorthogramexample"
		}
	},
	{
		"model": "auth.permission",
		"pk": 126,
		"fields": {
			"name": "Can change ОГЭ: Пример орфограммы (задание 7)",
			"content_type": 32,
			"codename": "change_ogeorthogramexample"
		}
	},
	{
		"model": "auth.permission",
		"pk": 127,
		"fields": {
			"name": "Can delete ОГЭ: Пример орфограммы (задание 7)",
			"content_type": 32,
			"codename": "delete_ogeorthogramexample"
		}
	},
	{
		"model": "auth.permission",
		"pk": 128,
		"fields": {
			"name": "Can view ОГЭ: Пример орфограммы (задание 7)",
			"content_type": 32,
			"codename": "view_ogeorthogramexample"
		}
	},
	{
		"model": "auth.permission",
		"pk": 129,
		"fields": {
			"name": "Can add ОГЭ: Пример пунктуации (задание 5)",
			"content_type": 33,
			"codename": "add_ogepunktumexample"
		}
	},
	{
		"model": "auth.permission",
		"pk": 130,
		"fields": {
			"name": "Can change ОГЭ: Пример пунктуации (задание 5)",
			"content_type": 33,
			"codename": "change_ogepunktumexample"
		}
	},
	{
		"model": "auth.permission",
		"pk": 131,
		"fields": {
			"name": "Can delete ОГЭ: Пример пунктуации (задание 5)",
			"content_type": 33,
			"codename": "delete_ogepunktumexample"
		}
	},
	{
		"model": "auth.permission",
		"pk": 132,
		"fields": {
			"name": "Can view ОГЭ: Пример пунктуации (задание 5)",
			"content_type": 33,
			"codename": "view_ogepunktumexample"
		}
	},
	{
		"model": "auth.permission",
		"pk": 133,
		"fields": {
			"name": "Can add ОГЭ: Пример для задания 4",
			"content_type": 34,
			"codename": "add_ogetaskgrammaticeightexample"
		}
	},
	{
		"model": "auth.permission",
		"pk": 134,
		"fields": {
			"name": "Can change ОГЭ: Пример для задания 4",
			"content_type": 34,
			"codename": "change_ogetaskgrammaticeightexample"
		}
	},
	{
		"model": "auth.permission",
		"pk": 135,
		"fields": {
			"name": "Can delete ОГЭ: Пример для задания 4",
			"content_type": 34,
			"codename": "delete_ogetaskgrammaticeightexample"
		}
	},
	{
		"model": "auth.permission",
		"pk": 136,
		"fields": {
			"name": "Can view ОГЭ: Пример для задания 4",
			"content_type": 34,
			"codename": "view_ogetaskgrammaticeightexample"
		}
	},
	{
		"model": "auth.permission",
		"pk": 137,
		"fields": {
			"name": "Can add ОГЭ: Вопрос к тексту",
			"content_type": 35,
			"codename": "add_ogetextquestion"
		}
	},
	{
		"model": "auth.permission",
		"pk": 138,
		"fields": {
			"name": "Can change ОГЭ: Вопрос к тексту",
			"content_type": 35,
			"codename": "change_ogetextquestion"
		}
	},
	{
		"model": "auth.permission",
		"pk": 139,
		"fields": {
			"name": "Can delete ОГЭ: Вопрос к тексту",
			"content_type": 35,
			"codename": "delete_ogetextquestion"
		}
	},
	{
		"model": "auth.permission",
		"pk": 140,
		"fields": {
			"name": "Can view ОГЭ: Вопрос к тексту",
			"content_type": 35,
			"codename": "view_ogetextquestion"
		}
	},
	{
		"model": "auth.permission",
		"pk": 141,
		"fields": {
			"name": "Can add ОГЭ: Вариант ответа",
			"content_type": 36,
			"codename": "add_ogequestionoption"
		}
	},
	{
		"model": "auth.permission",
		"pk": 142,
		"fields": {
			"name": "Can change ОГЭ: Вариант ответа",
			"content_type": 36,
			"codename": "change_ogequestionoption"
		}
	},
	{
		"model": "auth.permission",
		"pk": 143,
		"fields": {
			"name": "Can delete ОГЭ: Вариант ответа",
			"content_type": 36,
			"codename": "delete_ogequestionoption"
		}
	},
	{
		"model": "auth.permission",
		"pk": 144,
		"fields": {
			"name": "Can view ОГЭ: Вариант ответа",
			"content_type": 36,
			"codename": "view_ogequestionoption"
		}
	},
	{
		"model": "auth.user",
		"pk": 1,
		"fields": {
			"password": "pbkdf2_sha256$1000000$2ARnyzvbKNX07aEjB3U3oj$viMyLtktS6woPCYXpOGeRFYwyW6TLGk0jiDFTXRm3qI=",
			"last_login": "2026-03-08T08:27:46.382Z",
			"is_superuser": true,
			"username": "admin",
			"first_name": "",
			"last_name": "",
			"email": "admin@example.com",
			"is_staff": true,
			"is_active": true,
			"date_joined": "2026-03-02T15:22:14.678Z",
			"groups": [],
			"user_permissions": []
		}
	},
	{
		"model": "contenttypes.contenttype",
		"pk": 1,
		"fields": {
			"app_label": "admin",
			"model": "logentry"
		}
	},
	{
		"model": "contenttypes.contenttype",
		"pk": 2,
		"fields": {
			"app_label": "auth",
			"model": "permission"
		}
	},
	{
		"model": "contenttypes.contenttype",
		"pk": 3,
		"fields": {
			"app_label": "auth",
			"model": "group"
		}
	},
	{
		"model": "contenttypes.contenttype",
		"pk": 4,
		"fields": {
			"app_label": "auth",
			"model": "user"
		}
	},
	{
		"model": "contenttypes.contenttype",
		"pk": 5,
		"fields": {
			"app_label": "contenttypes",
			"model": "contenttype"
		}
	},
	{
		"model": "contenttypes.contenttype",
		"pk": 6,
		"fields": {
			"app_label": "sessions",
			"model": "session"
		}
	},
	{
		"model": "contenttypes.contenttype",
		"pk": 7,
		"fields": {
			"app_label": "main",
			"model": "userprofile"
		}
	},
	{
		"model": "contenttypes.contenttype",
		"pk": 8,
		"fields": {
			"app_label": "main",
			"model": "userexample"
		}
	},
	{
		"model": "contenttypes.contenttype",
		"pk": 9,
		"fields": {
			"app_label": "main",
			"model": "correctanswer"
		}
	},
	{
		"model": "contenttypes.contenttype",
		"pk": 10,
		"fields": {
			"app_label": "main",
			"model": "orthogram"
		}
	},
	{
		"model": "contenttypes.contenttype",
		"pk": 11,
		"fields": {
			"app_label": "main",
			"model": "orthogramexample"
		}
	},
	{
		"model": "contenttypes.contenttype",
		"pk": 12,
		"fields": {
			"app_label": "main",
			"model": "studentanswer"
		}
	},
	{
		"model": "contenttypes.contenttype",
		"pk": 13,
		"fields": {
			"app_label": "main",
			"model": "punktumexample"
		}
	},
	{
		"model": "contenttypes.contenttype",
		"pk": 14,
		"fields": {
			"app_label": "main",
			"model": "punktum"
		}
	},
	{
		"model": "contenttypes.contenttype",
		"pk": 15,
		"fields": {
			"app_label": "main",
			"model": "textanalysistask"
		}
	},
	{
		"model": "contenttypes.contenttype",
		"pk": 16,
		"fields": {
			"app_label": "main",
			"model": "textquestion"
		}
	},
	{
		"model": "contenttypes.contenttype",
		"pk": 17,
		"fields": {
			"app_label": "main",
			"model": "questionoption"
		}
	},
	{
		"model": "contenttypes.contenttype",
		"pk": 18,
		"fields": {
			"app_label": "main",
			"model": "orthoepyword"
		}
	},
	{
		"model": "contenttypes.contenttype",
		"pk": 19,
		"fields": {
			"app_label": "main",
			"model": "correctionexercise"
		}
	},
	{
		"model": "contenttypes.contenttype",
		"pk": 20,
		"fields": {
			"app_label": "main",
			"model": "taskgrammaticeight"
		}
	},
	{
		"model": "contenttypes.contenttype",
		"pk": 21,
		"fields": {
			"app_label": "main",
			"model": "taskgrammaticeightexample"
		}
	},
	{
		"model": "contenttypes.contenttype",
		"pk": 22,
		"fields": {
			"app_label": "main",
			"model": "taskgrammatictwotwo"
		}
	},
	{
		"model": "contenttypes.contenttype",
		"pk": 23,
		"fields": {
			"app_label": "main",
			"model": "taskgrammatictwotwoexample"
		}
	},
	{
		"model": "contenttypes.contenttype",
		"pk": 24,
		"fields": {
			"app_label": "main",
			"model": "taskpaponim"
		}
	},
	{
		"model": "contenttypes.contenttype",
		"pk": 25,
		"fields": {
			"app_label": "main",
			"model": "wordok"
		}
	},
	{
		"model": "contenttypes.contenttype",
		"pk": 26,
		"fields": {
			"app_label": "main",
			"model": "ogecorrectionexercise"
		}
	},
	{
		"model": "contenttypes.contenttype",
		"pk": 27,
		"fields": {
			"app_label": "main",
			"model": "ogeorthogram"
		}
	},
	{
		"model": "contenttypes.contenttype",
		"pk": 28,
		"fields": {
			"app_label": "main",
			"model": "ogepunktum"
		}
	},
	{
		"model": "contenttypes.contenttype",
		"pk": 29,
		"fields": {
			"app_label": "main",
			"model": "ogetaskgrammaticeight"
		}
	},
	{
		"model": "contenttypes.contenttype",
		"pk": 30,
		"fields": {
			"app_label": "main",
			"model": "ogetextanalysistask"
		}
	},
	{
		"model": "contenttypes.contenttype",
		"pk": 31,
		"fields": {
			"app_label": "main",
			"model": "ogewordok"
		}
	},
	{
		"model": "contenttypes.contenttype",
		"pk": 32,
		"fields": {
			"app_label": "main",
			"model": "ogeorthogramexample"
		}
	},
	{
		"model": "contenttypes.contenttype",
		"pk": 33,
		"fields": {
			"app_label": "main",
			"model": "ogepunktumexample"
		}
	},
	{
		"model": "contenttypes.contenttype",
		"pk": 34,
		"fields": {
			"app_label": "main",
			"model": "ogetaskgrammaticeightexample"
		}
	},
	{
		"model": "contenttypes.contenttype",
		"pk": 35,
		"fields": {
			"app_label": "main",
			"model": "ogetextquestion"
		}
	},
	{
		"model": "contenttypes.contenttype",
		"pk": 36,
		"fields": {
			"app_label": "main",
			"model": "ogequestionoption"
		}
	},
	{
		"model": "sessions.session",
		"pk": "392riu5x2tt6953ft174729s9ysu6woh",
		"fields": {
			"session_data": "e30:1w0E6D:2nfQqmmOJAM3G-Xy2JYton3OJRzAhRlHOcw75j2UmUQ",
			"expire_date": "2026-03-25T07:35:21.125Z"
		}
	},
	{
		"model": "sessions.session",
		"pk": "aaz0dkfpc7ent6qtqym6x52qb0molqu5",
		"fields": {
			"session_data": "e30:1vyagC:UgvgpZATIL9gQJlCrt4hq0j6zMM17kdJRZyqbjdbMfo",
			"expire_date": "2026-03-20T19:17:44.030Z"
		}
	},
	{
		"model": "sessions.session",
		"pk": "brki2b9eagihmczym1orr0pjtd8b6xg3",
		"fields": {
			"session_data": ".eJyNUc1ugzAMfpXJZ4ZInADhuPueYJuiNAkt6wQSAe1Q8e5THApM1aRdDPb3E-vzDYaz164z534IU2ehuYHpw7cfg2aax5ZDA0xCBggNoIQlg8mEK2o7jKO3U-S8z4VgLBIhS01U8XtTQAPiLhS78O0j216T0aeMqv2N8kAlJyxWy_3HP0weIGH_VnnYdtAVNGnIqdakpYqSqoONW9-5JtkQVyTuE33aBDwTQo4CqRa7oygPHvXmHrTSMbQbUHSUPsWbotkOxIgSoz7YJHuTlkgb0XZo1wiWJaOrx4Q116iDD6Eb-v_cfslAm3m66Dn4UXduPflhdjL26vsIuE_Tn4fcDv00dqc8UvIVDfnr4PzXy8r9ZXAx4QIN1NJ4rpiohVUCsa1aoTxrC1SqUMw7FNahqirlSqX8yTtphBGKSyxlXbUGlh-nqdOP:1w0kfl:UAS5-kAPT0lx031MWGjkz5-NX4Az69a4ddXWlt0W6Lg",
			"expire_date": "2026-03-26T18:22:13.349Z"
		}
	},
	{
		"model": "sessions.session",
		"pk": "bxuw73q4n83vfzxngowl7ba97egt093v",
		"fields": {
			"session_data": ".eJylUctuhDAM_JXKZ4oIcYBw7L1f0FZRSAJLtwKJsOphxb9XcXhVq556MdieGY0zd1D6Nl_UzbtJ9RZqYJCcZ402VzeEhf3UQzemZhzmqW_SAEnXrU9fR-u-XlbsL4GL9heooRLa5ZJhhUYi523ZonSszbiUmWTOcjSWy7KUtpDSNc4KjRplLnghqrLVkMDYOWV73Q2jn3sD9R304L_d5BVTeWjzYF9AAhxq4AKWBGbtr1yZcZqcmQPm_ZYhY-ud1ARWvjUZ1IAbEQ_iG8g0MGINUI5Uy3-2TMJHsh8igsUiGDrsF2cXxMs2mf3HPUweVmj-ZrnDgyqhjsOcakVcqlxQDfmu2GrD6ihD2HibeKJPGxfPtCFF5FSzQxGLk0a1q3slVcjjDpQKBUvJxafZs2cECSmeZKK8jiaiI3LHzfoEy7L8AH931rI:1vx5Ai:hWAvdUh0lIT8WEIR3j1BHHfD57OaCe6-4A20hc1ljT4",
			"expire_date": "2026-03-16T15:27:00.094Z"
		}
	},
	{
		"model": "sessions.session",
		"pk": "gebrkqk7tb3pe4r7g4p0xw7lp0mh8yfe",
		"fields": {
			"session_data": ".eJx1UNEKgzAM_JVxzyKtra7rr2yjSC0igwnWsQfx30dSXcfGXpImzSV3t2Dsg-uGtr-PcR487IL2Hp9hik66isoKFrJGAQULVWMtMLfxppwfpyn4mWYuD6GlpEEUqSBUtRcCFpqA--qaQA2N5IVNXnhmmBIbPj_CT0d8f2n_HxVw3Tm4I2xqVhwNYzmqmmOHxEt_8jKl0CgokVJTCjLGlIKkmlI0-UB0J0fCF7B8dpAtSorfJkseIbv4apuop_eBk07cOfpN2bquLwI9dtY:1w0lDB:Wm_sIIs-Rw9KN-3n2efL8BON31KdbdTfhSLmMJWNp88",
			"expire_date": "2026-03-26T18:56:45.211Z"
		}
	},
	{
		"model": "sessions.session",
		"pk": "hm4lgxp6c1zek4qt9yws2nrmnjazth3c",
		"fields": {
			"session_data": ".eJx1kd1qwzAMhV9lnGsXEv9kWV5lKyK4XgmDBOKUXYS8-9Bxm2yU3cjWz_kk2Suma5Klz19ixUlOOQ_TiG5FP-bvNGepxapr0aEOMHDo4AK2zVB6GfrrOOVliFqlICdxmucUFw183Cpf16qFKY6C7MOp0MFjMxQ2h_CdaVfd645Leoo8pXz8X5VwNvtmb6L9V3AK7sZJdbmjSEMrODUJfSGX-wsPX9C08d54J8jrQ2lpW45I6wLtBXtt-7cLkb7gQ-n1WRInZkj0jrZMRKJvfjHanZ4l6CqNvj8_cPsBVJyN0w:1vyaWU:23n1zgUnnTtn8OasbuxAtzj_KWVf7WHIg4ninw2tlcc",
			"expire_date": "2026-03-20T19:07:42.205Z"
		}
	},
	{
		"model": "sessions.session",
		"pk": "oyqybr71u558rh3fy6ak24sa5rostzgt",
		"fields": {
			"session_data": ".eJx1UctuxCAM_JXK5zSCYBLIsfd-QVshAmQ33SqRQqIeVvn3CshrterFYHtmPLLvMFycsp2-9IOfOgP1HXTvf93oFVVFSAuogXLIgEENjMOSwaT9jSkzjKMzU8B8zgQpDUDIUhJYxZYQqAE3Ih7EDxA5Qcgenq9sd8CDdhmUjrnlmR7UsVnHMPf04duHPFX4E9im-F96GFMV1KlYxCiijRgZ31krVmxYnaZFLCbsS3za1HiNnaiILEZyKGJ50hC7uldShe3eIe44nineIe1rvySNkHCTk0yS18lEchTdMbOubFkyUHqermr2blSdXQ98qjXa3FwfGvZb95chN0M_jV2TB0i-dn3-Plj387ZiHwSu2l-hBsG1KyRFgUYiY23VonS0JUxKIqmzDI1lsqqkLaV0jbNco0ZZcFZyUbUalj9Escs0:1w2TFw:t6_XbbTr3irXJHtzFSzyMgI0nGg4F22W5Vr8Cv2SMP8",
			"expire_date": "2026-03-31T12:10:40.485Z"
		}
	},
	{
		"model": "main.userprofile",
		"pk": 1,
		"fields": {
			"user": 1,
			"email_confirmed": false,
			"first_name": "",
			"last_name": "",
			"grade": "",
			"telegram_username": "",
			"telegram_id": null
		}
	},
	{
		"model": "main.ogetextanalysistask",
		"pk": 1,
		"fields": {
			"title": "Текст о ягодах (задания 2–3)",
			"text_content": "(1)С незапамятных времён человек употребляет в пищу дикорастущие плоды и ягоды, обладающие неповторимым ароматом и вкусом. (2)Клюква, брусника, черника, малина, земляника, калина — настоящие кладовые витаминов. (3)Собирать плоды и ягоды следует в сухую прохладную погоду, потому что в жаркую погоду они быстро вянут, так как содержат меньше сока. (4)Нельзя собирать несозревшие плоды, лучше оставить их дозреть, чтобы они налились соком, набрав больше витаминов. (5)При сборе будьте осторожны: старайтесь не топтать плодовые кустики.",
			"author": "",
			"source": "",
			"order": 1,
			"is_active": true
		}
	},
	{
		"model": "main.ogetextanalysistask",
		"pk": 2,
		"fields": {
			"title": "Правописание (задание 6)",
			"text_content": "",
			"author": "",
			"source": "",
			"order": 2,
			"is_active": true
		}
	},
	{
		"model": "main.ogetextanalysistask",
		"pk": 3,
		"fields": {
			"title": "Текст И.С. Шмелёва (задания 10–12)",
			"text_content": "(1)Впервые я увидал дядю, когда мне было лет девять. (2)Мы только что приехали из другого города, где я родился, а дядя по старости не выезжал никуда и, должно быть, знал обо мне только по письмам. (3)У нас часто говорили о нём, называли странным и «книжным» человеком, пожимали плечами и удивлялись, что он слишком много тратит на какие-то никому не нужные вещи. (4)Я ждал с нетерпением, когда меня повезут к нему, но поездку откладывали со дня на день.\n(5)Случилось как-то, что нашего дворника послали к дяде с запиской, и я, потеряв терпение, не сказав никому ни слова, отправился самостоятельно. (6)Это было моё первое самостоятельное путешествие.\n(7)У меня постукивало сердце, когда я поднимался по лестнице, но, когда старичок-слуга снял с меня шубку и впустил в комнаты, я потерялся. (8)В комнатах совсем не было стен, по крайней мере я их не видел. (9)Были пол, потолок, окна, двери и... книги. (10)Они шли стройными рядами всюду, куда я ни глядел, в решётчатых полках, точно их собрали сюда со всего света. (11)На самой крайней полочке, совсем под потолком, сидела большая голубоватая сова. (12)В комнате стоял полумрак и было тихо, торжественно-тихо, как в пустой церкви.\n(13)В углу, у окна, в глубоком кожаном кресле сидел он, мой дядя, и держал книгу. (14)На коврике, у его ног, спал крупный дымчатый кот. (15)Я стоял в дверях, не решался переступить. (16)Дядя услышал шорох, повернул голову, и я увидал худое, плохо выбритое лицо и всматривающиеся в темноту усталые глаза. (17)Казалось, он старался понять, кто я такой. (18)Путаясь в словах, я объяснился.\n— (19)Поди-ка сюда, голова, — сказал он и поманил пальцем.\n(20)Я приблизился с чувством благоговения и некоторого страха.\n— (21)Вот ты какой, — сказал дядя и потрепал меня по щеке. — (22)Каков, однако, ферт! (23)Один заявился!.. (24)Ну, здравствуй. (25)Так это ты большой любитель чтения?\n(26)В тоне голоса я уловил похвалу и из скромности опустил глаза.\n— (27)Очень рад тебя видеть...\n(28)Из проволочной корзинки он достал яблоко и дал мне.\n(29)Через пять минут я чувствовал себя как дома, сидел на скамеечке, рядом с храпевшим котом, глазел на поразившие меня ряды книг.\n— (30)Ну что ты читал, дружок? — спрашивал дядя.\n...\n(57)Должно быть, радость, которую я пережил в этот момент, отразилась на моей физиономии: дядя взял меня за подбородок и, глядя в глаза, сказал:\n— Книги, которые я буду давать тебе, можешь оставлять у себя. (58)Пусть это будет началом твоей библиотеки. (59)Пусть они будут твоими друзьями.\n(60)Как это было давно, но как до сих пор ярко встаёт в моей памяти!\n(61)В тот памятный вечер в моём сердце затеплилась искра. (62)Почти строгий тон дядиных слов, когда говорил он о книгах, чёрные молчаливые ряды на полках и грустные сумерки — всё это будило во мне тихое чувство благоговения.\n\n(По И. С. Шмелёву*)\n* Иван Сергеевич Шмелёв (1873–1950) — русский писатель, мыслитель, публицист.",
			"author": "",
			"source": "",
			"order": 3,
			"is_active": true
		}
	},
	{
		"model": "main.ogetextquestion",
		"pk": 7,
		"fields": {
			"task": 1,
			"question_type": "multiple_choice",
			"question_text": "Укажите варианты ответов, в которых верно определена грамматическая основа в одном из предложений или в одной из частей сложного предложения текста, кликнув по чек-боксам.",
			"question_number": 2,
			"correct_answer": "15"
		}
	},
	{
		"model": "main.ogetextquestion",
		"pk": 8,
		"fields": {
			"task": 1,
			"question_type": "multiple_choice",
			"question_text": "Укажите варианты ответов, в которых даны верные характеристики предложений текста, кликнув по чек-боксам.",
			"question_number": 3,
			"correct_answer": "35"
		}
	},
	{
		"model": "main.ogetextquestion",
		"pk": 9,
		"fields": {
			"task": 2,
			"question_type": "multiple_choice",
			"question_text": "Укажите варианты ответов, в которых дано верное объяснение написания выделенного слова, кликнув по чек-боксам.",
			"question_number": 6,
			"correct_answer": "235"
		}
	},
	{
		"model": "main.ogetextquestion",
		"pk": 10,
		"fields": {
			"task": 3,
			"question_type": "multiple_choice",
			"question_text": "Какие из высказываний соответствуют содержанию текста? Укажите номера ответов, кликнув по чек-боксам.",
			"question_number": 10,
			"correct_answer": "15"
		}
	},
	{
		"model": "main.ogetextquestion",
		"pk": 11,
		"fields": {
			"task": 3,
			"question_type": "multiple_choice",
			"question_text": "Укажите варианты ответов, в которых средством выразительности речи является метафора, кликнув по чек-боксам.",
			"question_number": 11,
			"correct_answer": "35"
		}
	},
	{
		"model": "main.ogetextquestion",
		"pk": 12,
		"fields": {
			"task": 3,
			"question_type": "free_text",
			"question_text": "В предложениях 26–34 найдите фразеологизм с лексическим значением «свободно, без стеснения, хорошо». Выпишите этот фразеологизм.",
			"question_number": 12,
			"correct_answer": "как дома"
		}
	},
	{
		"model": "main.ogequestionoption",
		"pk": 26,
		"fields": {
			"question": 7,
			"option_text": "употребляет (предложение 1)",
			"option_number": 1,
			"is_correct": true,
			"orthogram_numbers": ""
		}
	},
	{
		"model": "main.ogequestionoption",
		"pk": 27,
		"fields": {
			"question": 7,
			"option_text": "настоящие кладовые (предложение 2)",
			"option_number": 2,
			"is_correct": false,
			"orthogram_numbers": ""
		}
	},
	{
		"model": "main.ogequestionoption",
		"pk": 28,
		"fields": {
			"question": 7,
			"option_text": "они быстро вянут (предложение 3)",
			"option_number": 3,
			"is_correct": false,
			"orthogram_numbers": ""
		}
	},
	{
		"model": "main.ogequestionoption",
		"pk": 29,
		"fields": {
			"question": 7,
			"option_text": "они налились (предложение 4)",
			"option_number": 4,
			"is_correct": false,
			"orthogram_numbers": ""
		}
	},
	{
		"model": "main.ogequestionoption",
		"pk": 30,
		"fields": {
			"question": 7,
			"option_text": "будьте осторожны (предложение 5)",
			"option_number": 5,
			"is_correct": true,
			"orthogram_numbers": ""
		}
	},
	{
		"model": "main.ogequestionoption",
		"pk": 31,
		"fields": {
			"question": 8,
			"option_text": "Предложение 1 простое неосложнённое.",
			"option_number": 1,
			"is_correct": false,
			"orthogram_numbers": ""
		}
	},
	{
		"model": "main.ogequestionoption",
		"pk": 32,
		"fields": {
			"question": 8,
			"option_text": "В предложении 2 содержится составное глагольное сказуемое.",
			"option_number": 2,
			"is_correct": false,
			"orthogram_numbers": ""
		}
	},
	{
		"model": "main.ogequestionoption",
		"pk": 33,
		"fields": {
			"question": 8,
			"option_text": "Предложение 3 сложноподчинённое с последовательным подчинением придаточных.",
			"option_number": 3,
			"is_correct": true,
			"orthogram_numbers": ""
		}
	},
	{
		"model": "main.ogequestionoption",
		"pk": 34,
		"fields": {
			"question": 8,
			"option_text": "В составе сложного предложения 4 есть придаточное причины.",
			"option_number": 4,
			"is_correct": false,
			"orthogram_numbers": ""
		}
	},
	{
		"model": "main.ogequestionoption",
		"pk": 35,
		"fields": {
			"question": 8,
			"option_text": "Все простые предложения, входящие в состав сложного предложения 5, односоставные определённо-личные.",
			"option_number": 5,
			"is_correct": true,
			"orthogram_numbers": ""
		}
	},
	{
		"model": "main.ogequestionoption",
		"pk": 36,
		"fields": {
			"question": 9,
			"option_text": "ССЫЛКА (в Сибирь) — на конце приставки перед буквой, обозначающей глухой согласный, пишется буква С.",
			"option_number": 1,
			"is_correct": false,
			"orthogram_numbers": "11"
		}
	},
	{
		"model": "main.ogequestionoption",
		"pk": 37,
		"fields": {
			"question": 9,
			"option_text": "НЕЖНО-ЗЕЛЁНЫЙ — сложное имя прилагательное, обозначающее оттенок цвета, пишется через дефис.",
			"option_number": 2,
			"is_correct": true,
			"orthogram_numbers": "39"
		}
	},
	{
		"model": "main.ogequestionoption",
		"pk": 38,
		"fields": {
			"question": 9,
			"option_text": "(о высокой) ЦЕЛИ — в форме дательного падежа единственного числа имени существительного 3-го склонения пишется окончание -И.",
			"option_number": 3,
			"is_correct": true,
			"orthogram_numbers": "17"
		}
	},
	{
		"model": "main.ogequestionoption",
		"pk": 39,
		"fields": {
			"question": 9,
			"option_text": "РАССЕЯВШИЙ (сомнения) — выбор гласной перед суффиксом -вш- действительного причастия прошедшего времени зависит от принадлежности к спряжению глагола, от основы которого оно образовано.",
			"option_number": 4,
			"is_correct": false,
			"orthogram_numbers": "25, 49.1"
		}
	},
	{
		"model": "main.ogequestionoption",
		"pk": 40,
		"fields": {
			"question": 9,
			"option_text": "СЕРДЦЕ — непроизносимый согласный в корне слова проверяется словом сердечко, в котором он слышится отчётливо.",
			"option_number": 5,
			"is_correct": true,
			"orthogram_numbers": "4"
		}
	},
	{
		"model": "main.ogequestionoption",
		"pk": 41,
		"fields": {
			"question": 10,
			"option_text": "В семье рассказчика к дяде относились настороженно, называли странным человеком.",
			"option_number": 1,
			"is_correct": true,
			"orthogram_numbers": ""
		}
	},
	{
		"model": "main.ogequestionoption",
		"pk": 42,
		"fields": {
			"question": 10,
			"option_text": "Больше всего в комнате дяди рассказчика поразили огромные книжные полки, озарённые ярким светом.",
			"option_number": 2,
			"is_correct": false,
			"orthogram_numbers": ""
		}
	},
	{
		"model": "main.ogequestionoption",
		"pk": 43,
		"fields": {
			"question": 10,
			"option_text": "Рассказчик ушёл от дяди домой, взяв с собой книжку про солдат и разбойников.",
			"option_number": 3,
			"is_correct": false,
			"orthogram_numbers": ""
		}
	},
	{
		"model": "main.ogequestionoption",
		"pk": 44,
		"fields": {
			"question": 10,
			"option_text": "Дядя искренне удивился огромным познаниям племянника в области классической литературы.",
			"option_number": 4,
			"is_correct": false,
			"orthogram_numbers": ""
		}
	},
	{
		"model": "main.ogequestionoption",
		"pk": 45,
		"fields": {
			"question": 10,
			"option_text": "Воспоминания о вечере знакомства с дядей рассказчик хранил в сердце много лет.",
			"option_number": 5,
			"is_correct": true,
			"orthogram_numbers": ""
		}
	},
	{
		"model": "main.ogequestionoption",
		"pk": 46,
		"fields": {
			"question": 11,
			"option_text": "Я ждал с нетерпением, когда меня повезут к нему, но поездку откладывали со дня на день.",
			"option_number": 1,
			"is_correct": false,
			"orthogram_numbers": ""
		}
	},
	{
		"model": "main.ogequestionoption",
		"pk": 47,
		"fields": {
			"question": 11,
			"option_text": "Дядя услышал шорох, повернул голову, и я увидал худое, плохо выбритое лицо и всматривающиеся в темноту усталые глаза.",
			"option_number": 2,
			"is_correct": false,
			"orthogram_numbers": ""
		}
	},
	{
		"model": "main.ogequestionoption",
		"pk": 48,
		"fields": {
			"question": 11,
			"option_text": "В тот памятный вечер в моём сердце затеплилась искра.",
			"option_number": 3,
			"is_correct": true,
			"orthogram_numbers": ""
		}
	},
	{
		"model": "main.ogequestionoption",
		"pk": 49,
		"fields": {
			"question": 11,
			"option_text": "— Книга не Петрушка, — продолжал дядя, тряся пальцем, — она не для смеху пишется!",
			"option_number": 4,
			"is_correct": false,
			"orthogram_numbers": ""
		}
	},
	{
		"model": "main.ogequestionoption",
		"pk": 50,
		"fields": {
			"question": 11,
			"option_text": "Каждая из них — часть сердца человека, которого называют писателем!",
			"option_number": 5,
			"is_correct": true,
			"orthogram_numbers": ""
		}
	},
	{
		"model": "main.ogetaskgrammaticeight",
		"pk": "8100",
		"fields": {
			"name": "123",
			"is_active": true
		}
	},
	{
		"model": "main.ogetaskgrammaticeight",
		"pk": "8200",
		"fields": {
			"name": "Между подлежащим и сказуемым, выраженными именами существительными в именительном падеже, при нулевой связке ставится тире.",
			"is_active": true
		}
	},
	{
		"model": "main.ogetaskgrammaticeight",
		"pk": "8300",
		"fields": {
			"name": "Обстоятельство, выраженное деепричастным оборотом, обособляется.",
			"is_active": true
		}
	},
	{
		"model": "main.ogetaskgrammaticeight",
		"pk": "8400",
		"fields": {
			"name": "Определение, выраженное причастным оборотом, стоящее после определяемого слова, обособляется.",
			"is_active": true
		}
	},
	{
		"model": "main.ogetaskgrammaticeight",
		"pk": "8500",
		"fields": {
			"name": "Вводное слово выделяется запятыми.",
			"is_active": true
		}
	},
	{
		"model": "main.ogetaskgrammaticeightexample",
		"pk": 6,
		"fields": {
			"text": "Венера — планета Солнечной системы, которая больше всего похожа на нашу Землю.",
			"has_error": true,
			"error_type": "8200",
			"explanation": "Правило 8200",
			"is_active": true,
			"is_for_quiz": false,
			"grades": ""
		}
	},
	{
		"model": "main.ogetaskgrammaticeightexample",
		"pk": 7,
		"fields": {
			"text": "Девушка была так увлечена зрелищем катающихся на коньках людей, что не заметила, как, скрипнув по снегу полозьями, неподалёку от неё остановились сани.",
			"has_error": true,
			"error_type": "8300",
			"explanation": "Правило 8300",
			"is_active": true,
			"is_for_quiz": false,
			"grades": ""
		}
	},
	{
		"model": "main.ogetaskgrammaticeightexample",
		"pk": 8,
		"fields": {
			"text": "Там, где стоял посёлок, сливались две ледяные, затерявшиеся в пространстве реки.",
			"has_error": true,
			"error_type": "8400",
			"explanation": "Правило 8400",
			"is_active": true,
			"is_for_quiz": false,
			"grades": ""
		}
	},
	{
		"model": "main.ogetaskgrammaticeightexample",
		"pk": 9,
		"fields": {
			"text": "Днём, при солнечном свете, мы видим только землю, ночью — весь мир.",
			"has_error": true,
			"error_type": "8100",
			"explanation": "Правило 8100",
			"is_active": true,
			"is_for_quiz": false,
			"grades": ""
		}
	},
	{
		"model": "main.ogetaskgrammaticeightexample",
		"pk": 10,
		"fields": {
			"text": "Пройдёт молодец — приосанится, пройдёт девица — пригорюнится, а пройдут гусляры — споют песенку.",
			"has_error": false,
			"error_type": null,
			"explanation": "",
			"is_active": true,
			"is_for_quiz": false,
			"grades": ""
		}
	},
	{
		"model": "main.ogepunktum",
		"pk": "11",
		"fields": {
			"name": "Запятые. Пунктограмма 11",
			"rule": "Правила постановки запятой (пунктограмма 11)",
			"letters": "11.1,11.2,11.3,0",
			"grades": "",
			"created_at": "2026-03-08T08:42:06.634Z"
		}
	},
	{
		"model": "main.ogepunktum",
		"pk": "12",
		"fields": {
			"name": "Запятые. Пунктограмма 12",
			"rule": "Правила постановки запятой (пунктограмма 12)",
			"letters": "12.1,12.2,12.3,0",
			"grades": "",
			"created_at": "2026-03-08T08:42:06.647Z"
		}
	},
	{
		"model": "main.ogepunktum",
		"pk": "13",
		"fields": {
			"name": "Запятые. Пунктограмма 13",
			"rule": "Правила постановки запятой (пунктограмма 13)",
			"letters": "13.1,13.2,13.3,0",
			"grades": "",
			"created_at": "2026-03-08T08:42:06.660Z"
		}
	},
	{
		"model": "main.ogepunktum",
		"pk": "14",
		"fields": {
			"name": "Запятые. Пунктограмма 14",
			"rule": "Правила постановки запятой (пунктограмма 14)",
			"letters": "14.1,14.2,14.3,0",
			"grades": "",
			"created_at": "2026-03-08T08:42:06.672Z"
		}
	},
	{
		"model": "main.ogepunktum",
		"pk": "15",
		"fields": {
			"name": "Запятые. Пунктограмма 15",
			"rule": "Правила постановки запятой (пунктограмма 15)",
			"letters": "15.1,15.2,15.3,0",
			"grades": "",
			"created_at": "2026-03-08T08:42:06.687Z"
		}
	},
	{
		"model": "main.ogepunktum",
		"pk": "18",
		"fields": {
			"name": "Тире. Пунктограмма 18",
			"rule": "asdasdasdasdasd",
			"letters": "18.1,18.2,18.3,18,4",
			"grades": "",
			"created_at": "2026-03-07T09:16:17.083Z"
		}
	},
	{
		"model": "main.ogepunktum",
		"pk": "19",
		"fields": {
			"name": "Двоеточие. Пунктограмма 19",
			"rule": "Правила постановки двоеточия (пунктограмма 19)",
			"letters": "1,2,3,4,5,6",
			"grades": "",
			"created_at": "2026-03-08T08:37:16.306Z"
		}
	},
	{
		"model": "main.ogepunktum",
		"pk": "2",
		"fields": {
			"name": "Запятые. Пунктограмма 2",
			"rule": "Правила постановки запятой (пунктограмма 2)",
			"letters": "2.1,2.2,2.3,0",
			"grades": "",
			"created_at": "2026-03-08T08:42:06.458Z"
		}
	},
	{
		"model": "main.ogepunktum",
		"pk": "2100",
		"fields": {
			"name": "Тире",
			"rule": "Постановка тире",
			"letters": "5,8,8.1,9,10,18,дз",
			"grades": "",
			"created_at": "2026-03-02T15:20:44.336Z"
		}
	},
	{
		"model": "main.ogepunktum",
		"pk": "2101",
		"fields": {
			"name": "Двоеточие",
			"rule": "Постановка двоеточия",
			"letters": "5,9.1,19,дз",
			"grades": "",
			"created_at": "2026-03-02T15:20:44.354Z"
		}
	},
	{
		"model": "main.ogepunktum",
		"pk": "2102",
		"fields": {
			"name": "Запятые",
			"rule": "Постановка запятых",
			"letters": "2,3,4.0,4.1,4.2,5,6,7,10,11,12,13,14,15,17,дз",
			"grades": "",
			"created_at": "2026-03-02T15:20:44.373Z"
		}
	},
	{
		"model": "main.ogepunktum",
		"pk": "3",
		"fields": {
			"name": "Запятые. Пунктограмма 3",
			"rule": "Правила постановки запятой (пунктограмма 3)",
			"letters": "x ,",
			"grades": "",
			"created_at": "2026-03-08T08:42:06.475Z"
		}
	},
	{
		"model": "main.ogepunktum",
		"pk": "4",
		"fields": {
			"name": "Запятые. Пунктограмма 4",
			"rule": "Правила постановки запятой (пунктограмма 4)",
			"letters": "4.1,4.2,4.3,0",
			"grades": "",
			"created_at": "2026-03-08T08:42:06.487Z"
		}
	},
	{
		"model": "main.ogepunktum",
		"pk": "6",
		"fields": {
			"name": "Запятые. Пунктограмма 6",
			"rule": "Правила постановки запятой (пунктограмма 6)",
			"letters": "6.1,6.2,6.3,0",
			"grades": "",
			"created_at": "2026-03-08T08:42:06.602Z"
		}
	},
	{
		"model": "main.ogepunktum",
		"pk": "7",
		"fields": {
			"name": "Запятые. Пунктограмма 7",
			"rule": "Правила постановки запятой (пунктограмма 7)",
			"letters": "x ,",
			"grades": "",
			"created_at": "2026-03-08T08:42:06.620Z"
		}
	},
	{
		"model": "main.ogepunktum",
		"pk": "8",
		"fields": {
			"name": "Тире. Пунктограмма 8",
			"rule": "adasdasd",
			"letters": "8.01,8.02,8.03,8.04,8.05,8.06",
			"grades": "",
			"created_at": "2026-03-07T09:16:17.074Z"
		}
	},
	{
		"model": "main.ogepunktumexample",
		"pk": 4,
		"fields": {
			"punktum": "2100",
			"text": "Колокольня Ивана Великого 8 это церковь из белого кирпича дз расположенная на Соборной площади Московского Кремля. Время её возведения 8 1500–1508 годы дз а проектом её создания дз занимался известный в то время итальянский архитектор Бон Фрязин дз спроектировавший столп колокольни 9 а также Успенскую звонницу 10 и Филаретову пристройку.",
			"masked_word": "Колокольня Ивана Великого *2100* это церковь из белого кирпича *2100* расположенная на Соборной площади Московского Кремля. Время её возведения *2100* 1500–1508 годы *2100* а проектом её создания *2100* занимался известный в то время итальянский архитектор Бон Фрязин *2100* спроектировавший столп колокольни *2100* а также Успенскую звонницу *2100* и Филаретову пристройку.",
			"explanation": "8,дз,8,дз,дз,дз,9,10",
			"correct_letters": "",
			"difficulty": 1,
			"is_active": true,
			"is_for_quiz": true,
			"is_user_added": false,
			"added_by": null,
			"source_field": "",
			"grades": "",
			"created_at": "2026-03-02T15:20:44.344Z"
		}
	},
	{
		"model": "main.ogepunktumexample",
		"pk": 5,
		"fields": {
			"punktum": "2101",
			"text": "Арбат уже давно стал главной туристической артерией Москвы 9.1 так как сюда стекаются гости гóрода со всех его концов. Пересекают Старый Арбат узкие переулки 9.1 Большой Афанасьевский дз Староконюшенный дз Калошин дз Кривоарбатский дз Денежный и т.д. Это своеобразное наследство от расположенных здесь мастерских ремесленников дз а само название Орбат впервые упоминается в 1475 году 19 «Погорел совсем на Орбате Никифор Басенков»",
			"masked_word": "Арбат уже давно стал главной туристической артерией Москвы *2101* так как сюда стекаются гости гóрода со всех его концов. Пересекают Старый Арбат узкие переулки *2101* Большой Афанасьевский *2101* Староконюшенный *2101* Калошин *2101* Кривоарбатский *2101* Денежный и т.д. Это своеобразное наследство от расположенных здесь мастерских ремесленников *2101* а само название Орбат впервые упоминается в 1475 году *2101* «Погорел совсем на Орбате Никифор Басенков»",
			"explanation": "9.1,9.1,дз,дз,дз,дз,дз,19",
			"correct_letters": "",
			"difficulty": 1,
			"is_active": true,
			"is_for_quiz": true,
			"is_user_added": false,
			"added_by": null,
			"source_field": "",
			"grades": "",
			"created_at": "2026-03-02T15:20:44.359Z"
		}
	},
	{
		"model": "main.ogepunktumexample",
		"pk": 6,
		"fields": {
			"punktum": "2102",
			"text": "Кремль дз самая древняя часть столицы России 6 расположенная на берегу Москвы-реки. Именно здесь 13 на Боровицком холме 13 ещё в середине XII века князь Юрий Долгорукий основал свою усадьбу-крепость 6 впервые упомянутую в 1147 году. Примечательно 4.2 что стены и башни Кремля были воздвигнуты из красного кирпича дз на месте прежних белокаменных в конце XV века 4.1 а колокольня Ивана Великого дз самое высокое здание на Руси тех времён.",
			"masked_word": "Кремль *2102* самая древняя часть столицы России *2102* расположенная на берегу Москвы-реки. Именно здесь *2102* на Боровицком холме *2102* ещё в середине XII века князь Юрий Долгорукий основал свою усадьбу-крепость *2102* впервые упомянутую в 1147 году. Примечательно *2102* что стены и башни Кремля были воздвигнуты из красного кирпича *2102* на месте прежних белокаменных в конце XV века *2102* а колокольня Ивана Великого *2102* самое высокое здание на Руси тех времён.",
			"explanation": "дз,6,13,13,6,4.2,дз,4.1,дз",
			"correct_letters": "",
			"difficulty": 1,
			"is_active": true,
			"is_for_quiz": true,
			"is_user_added": false,
			"added_by": null,
			"source_field": "",
			"grades": "",
			"created_at": "2026-03-02T15:20:44.378Z"
		}
	},
	{
		"model": "main.ogepunktumexample",
		"pk": 7,
		"fields": {
			"punktum": "8",
			"text": "1) Бедность — не порок. 2) Земля — наш дом. 3) Мы — участники парада. 4) Жить — родине служить. 5) Земля — как прекрасный сад.",
			"masked_word": "1) Бедность *8* не порок. 2) Земля *8* наш дом. 3) Мы *8* участники парада. 4) Жить *8* родине служить. 5) Земля *8* как прекрасный сад.",
			"explanation": "8.04,8.01,8.05,8.02,8.06",
			"correct_letters": "8.04,8.01,8.05,8.02,8.06",
			"difficulty": 1,
			"is_active": true,
			"is_for_quiz": false,
			"is_user_added": false,
			"added_by": null,
			"source_field": "",
			"grades": "",
			"created_at": "2026-03-07T09:35:25.764Z"
		}
	},
	{
		"model": "main.ogepunktumexample",
		"pk": 8,
		"fields": {
			"punktum": "8",
			"text": "фывфыв",
			"masked_word": "фывфыв",
			"explanation": "",
			"correct_letters": "",
			"difficulty": 1,
			"is_active": true,
			"is_for_quiz": true,
			"is_user_added": false,
			"added_by": null,
			"source_field": "",
			"grades": "",
			"created_at": "2026-03-08T08:31:21.702Z"
		}
	},
	{
		"model": "main.ogepunktumexample",
		"pk": 9,
		"fields": {
			"punktum": "18",
			"text": "фывфы",
			"masked_word": "фыв",
			"explanation": "",
			"correct_letters": "",
			"difficulty": 1,
			"is_active": true,
			"is_for_quiz": false,
			"is_user_added": false,
			"added_by": null,
			"source_field": "",
			"grades": "",
			"created_at": "2026-03-08T08:31:54.576Z"
		}
	},
	{
		"model": "main.ogepunktumexample",
		"pk": 10,
		"fields": {
			"punktum": "19",
			"text": "фывфывф",
			"masked_word": "фыв",
			"explanation": "",
			"correct_letters": "",
			"difficulty": 1,
			"is_active": true,
			"is_for_quiz": false,
			"is_user_added": false,
			"added_by": null,
			"source_field": "",
			"grades": "",
			"created_at": "2026-03-08T08:38:25.262Z"
		}
	},
	{
		"model": "main.ogepunktumexample",
		"pk": 64,
		"fields": {
			"punktum": "2",
			"text": "фывфыв 2*2*, sad",
			"masked_word": "фывфыв 2*2*, sad",
			"explanation": ",",
			"correct_letters": "x",
			"difficulty": 1,
			"is_active": true,
			"is_for_quiz": true,
			"is_user_added": false,
			"added_by": null,
			"source_field": "",
			"grades": "",
			"created_at": "2026-03-11T07:37:14.031Z"
		}
	},
	{
		"model": "main.ogepunktumexample",
		"pk": 65,
		"fields": {
			"punktum": "8",
			"text": "Книга — источник знаний. Язык — зеркало культуры. Учение — свет.",
			"masked_word": "Книга *8* источник знаний. Язык *8* зеркало культуры. Учение *8* свет.",
			"explanation": "8.04,8.04,8.04",
			"correct_letters": "",
			"difficulty": 1,
			"is_active": true,
			"is_for_quiz": false,
			"is_user_added": false,
			"added_by": null,
			"source_field": "",
			"grades": "",
			"created_at": "2026-03-17T12:09:39.203Z"
		}
	},
	{
		"model": "main.ogepunktumexample",
		"pk": 66,
		"fields": {
			"punktum": "8",
			"text": "Москва — столица России. Волга — великая река. Байкал — глубочайшее озеро.",
			"masked_word": "Москва *8* столица России. Волга *8* великая река. Байкал *8* глубочайшее озеро.",
			"explanation": "8.04,8.04,8.04",
			"correct_letters": "",
			"difficulty": 1,
			"is_active": true,
			"is_for_quiz": false,
			"is_user_added": false,
			"added_by": null,
			"source_field": "",
			"grades": "",
			"created_at": "2026-03-17T12:09:39.210Z"
		}
	},
	{
		"model": "main.ogepunktumexample",
		"pk": 67,
		"fields": {
			"punktum": "8",
			"text": "Дружить — значит помогать. Учиться — вот цель. Жить — родине служить.",
			"masked_word": "Дружить *8* значит помогать. Учиться *8* вот цель. Жить *8* родине служить.",
			"explanation": "8.02,8.01,8.02",
			"correct_letters": "",
			"difficulty": 1,
			"is_active": true,
			"is_for_quiz": false,
			"is_user_added": false,
			"added_by": null,
			"source_field": "",
			"grades": "",
			"created_at": "2026-03-17T12:09:39.217Z"
		}
	},
	{
		"model": "main.ogepunktumexample",
		"pk": 68,
		"fields": {
			"punktum": "2",
			"text": "На небе светили звёзды, луна и планеты. Дети пели, танцевали, смеялись.",
			"masked_word": "На небе светили звёзды *2* луна и планеты. Дети пели *2* танцевали *2* смеялись.",
			"explanation": "2.1,2.1,2.1",
			"correct_letters": "",
			"difficulty": 1,
			"is_active": true,
			"is_for_quiz": false,
			"is_user_added": false,
			"added_by": null,
			"source_field": "",
			"grades": "",
			"created_at": "2026-03-17T12:09:39.226Z"
		}
	},
	{
		"model": "main.ogepunktumexample",
		"pk": 69,
		"fields": {
			"punktum": "2",
			"text": "Он купил хлеб, масло, молоко и сыр. Она красива, умна, добра.",
			"masked_word": "Он купил хлеб *2* масло *2* молоко и сыр. Она красива *2* умна *2* добра.",
			"explanation": "2.1,2.1,2.1,2.1",
			"correct_letters": "",
			"difficulty": 1,
			"is_active": true,
			"is_for_quiz": false,
			"is_user_added": false,
			"added_by": null,
			"source_field": "",
			"grades": "",
			"created_at": "2026-03-17T12:09:39.235Z"
		}
	},
	{
		"model": "main.ogepunktumexample",
		"pk": 70,
		"fields": {
			"punktum": "3",
			"text": "Книга, написанная талантливым автором, стала бестселлером. Дом, построенный в прошлом веке, до сих пор стоит.",
			"masked_word": "Книга *3* написанная талантливым автором *3* стала бестселлером. Дом *3* построенный в прошлом веке *3* до сих пор стоит.",
			"explanation": "3,3,3,3",
			"correct_letters": "",
			"difficulty": 1,
			"is_active": true,
			"is_for_quiz": false,
			"is_user_added": false,
			"added_by": null,
			"source_field": "",
			"grades": "",
			"created_at": "2026-03-17T12:09:39.242Z"
		}
	},
	{
		"model": "main.ogepunktumexample",
		"pk": 71,
		"fields": {
			"punktum": "3",
			"text": "Река, берущая начало в горах, впадает в море. Студент, сдавший все экзамены, получил диплом.",
			"masked_word": "Река *3* берущая начало в горах *3* впадает в море. Студент *3* сдавший все экзамены *3* получил диплом.",
			"explanation": "3,3,3,3",
			"correct_letters": "",
			"difficulty": 1,
			"is_active": true,
			"is_for_quiz": false,
			"is_user_added": false,
			"added_by": null,
			"source_field": "",
			"grades": "",
			"created_at": "2026-03-17T12:09:39.249Z"
		}
	},
	{
		"model": "main.ogepunktumexample",
		"pk": 72,
		"fields": {
			"punktum": "4",
			"text": "Читая книгу, он забывал обо всём. Возвращаясь домой, она встретила друга.",
			"masked_word": "Читая книгу *4* он забывал обо всём. Возвращаясь домой *4* она встретила друга.",
			"explanation": "4,4",
			"correct_letters": "",
			"difficulty": 1,
			"is_active": true,
			"is_for_quiz": false,
			"is_user_added": false,
			"added_by": null,
			"source_field": "",
			"grades": "",
			"created_at": "2026-03-17T12:09:39.255Z"
		}
	},
	{
		"model": "main.ogepunktumexample",
		"pk": 73,
		"fields": {
			"punktum": "4",
			"text": "Подойдя к окну, он увидел снег. Улыбнувшись, она ответила на вопрос. Открыв тетрадь, ученик начал писать.",
			"masked_word": "Подойдя к окну *4* он увидел снег. Улыбнувшись *4* она ответила на вопрос. Открыв тетрадь *4* ученик начал писать.",
			"explanation": "4,4,4",
			"correct_letters": "",
			"difficulty": 1,
			"is_active": true,
			"is_for_quiz": false,
			"is_user_added": false,
			"added_by": null,
			"source_field": "",
			"grades": "",
			"created_at": "2026-03-17T12:09:39.267Z"
		}
	},
	{
		"model": "main.ogepunktumexample",
		"pk": 74,
		"fields": {
			"punktum": "11",
			"text": "Конечно, он придёт вовремя. Безусловно, это правильное решение. К счастью, всё обошлось.",
			"masked_word": "Конечно *11* он придёт вовремя. Безусловно *11* это правильное решение. К счастью *11* всё обошлось.",
			"explanation": "11.1,11.1,11.1",
			"correct_letters": "",
			"difficulty": 1,
			"is_active": true,
			"is_for_quiz": false,
			"is_user_added": false,
			"added_by": null,
			"source_field": "",
			"grades": "",
			"created_at": "2026-03-17T12:09:39.277Z"
		}
	},
	{
		"model": "main.ogepunktumexample",
		"pk": 75,
		"fields": {
			"punktum": "11",
			"text": "Во-первых, нужно подготовиться. Во-вторых, следует прийти вовремя. В-третьих, не забудьте документы.",
			"masked_word": "Во-первых *11* нужно подготовиться. Во-вторых *11* следует прийти вовремя. В-третьих *11* не забудьте документы.",
			"explanation": "11.2,11.2,11.2",
			"correct_letters": "",
			"difficulty": 1,
			"is_active": true,
			"is_for_quiz": false,
			"is_user_added": false,
			"added_by": null,
			"source_field": "",
			"grades": "",
			"created_at": "2026-03-17T12:09:39.295Z"
		}
	},
	{
		"model": "main.ogepunktumexample",
		"pk": 76,
		"fields": {
			"punktum": "18",
			"text": "Пришёл — увидел — победил. Солнце встало — птицы запели.",
			"masked_word": "Пришёл *18* увидел *18* победил. Солнце встало *18* птицы запели.",
			"explanation": "18,18,18",
			"correct_letters": "",
			"difficulty": 1,
			"is_active": true,
			"is_for_quiz": false,
			"is_user_added": false,
			"added_by": null,
			"source_field": "",
			"grades": "",
			"created_at": "2026-03-17T12:09:39.310Z"
		}
	},
	{
		"model": "main.ogepunktumexample",
		"pk": 77,
		"fields": {
			"punktum": "18",
			"text": "Сказано — сделано. Всё понял — начни работать.",
			"masked_word": "Сказано *18* сделано. Всё понял *18* начни работать.",
			"explanation": "18,18",
			"correct_letters": "",
			"difficulty": 1,
			"is_active": true,
			"is_for_quiz": false,
			"is_user_added": false,
			"added_by": null,
			"source_field": "",
			"grades": "",
			"created_at": "2026-03-17T12:09:39.317Z"
		}
	},
	{
		"model": "main.ogepunktumexample",
		"pk": 78,
		"fields": {
			"punktum": "19",
			"text": "Он сказал: «Приходите завтра». Мама объявила: «Обед готов». Учитель спросил: «Кто выполнил задание?»",
			"masked_word": "Он сказал *19* «Приходите завтра». Мама объявила *19* «Обед готов». Учитель спросил *19* «Кто выполнил задание?»",
			"explanation": "1,1,1",
			"correct_letters": "",
			"difficulty": 1,
			"is_active": true,
			"is_for_quiz": false,
			"is_user_added": false,
			"added_by": null,
			"source_field": "",
			"grades": "",
			"created_at": "2026-03-17T12:09:39.323Z"
		}
	},
	{
		"model": "main.ogepunktumexample",
		"pk": 79,
		"fields": {
			"punktum": "19",
			"text": "В лесу росли деревья: берёзы, ели, сосны. На столе лежали книги: учебники, словари, тетради.",
			"masked_word": "В лесу росли деревья *19* берёзы, ели, сосны. На столе лежали книги *19* учебники, словари, тетради.",
			"explanation": "2,2",
			"correct_letters": "",
			"difficulty": 1,
			"is_active": true,
			"is_for_quiz": false,
			"is_user_added": false,
			"added_by": null,
			"source_field": "",
			"grades": "",
			"created_at": "2026-03-17T12:09:39.330Z"
		}
	},
	{
		"model": "main.ogeorthogram",
		"pk": "101",
		"fields": {
			"name": "Безударная гласная",
			"rule": "Орфография",
			"letters": "а,о,е,и,я",
			"grades": "",
			"created_at": "2026-03-02T15:20:45.669Z"
		}
	},
	{
		"model": "main.ogeorthogram",
		"pk": "102",
		"fields": {
			"name": "Н и НН в прилагательных и причастиях",
			"rule": "В прилагательных пишется НН: если слово образовано от существительного с основой на -н (туманный), с суффиксами -онн-, -енн- (традиционный). В причастиях НН пишется, если есть приставка, зависимое слово или слово образовано от глагола совершенного вида.",
			"letters": "н,нн",
			"grades": "",
			"created_at": "2026-03-17T12:09:39.340Z"
		}
	},
	{
		"model": "main.ogeorthogram",
		"pk": "103",
		"fields": {
			"name": "Правописание приставок ПРЕ-/ПРИ-",
			"rule": "ПРЕ- = \"очень\" или = ПЕРЕ (прекрасный, преграда). ПРИ- = присоединение, приближение, неполнота действия (приехал, прибил, приоткрыл).",
			"letters": "пре,при",
			"grades": "",
			"created_at": "2026-03-17T12:09:39.348Z"
		}
	},
	{
		"model": "main.ogeorthogram",
		"pk": "104",
		"fields": {
			"name": "Гласные О/Е после шипящих в корне",
			"rule": "В корне после шипящих под ударением пишется О, если можно подобрать проверочное слово с Е (шёпот — шептать, чёрный — чернеть). Если проверочного слова нет — запомнить.",
			"letters": "о,е,ё",
			"grades": "",
			"created_at": "2026-03-17T12:09:39.357Z"
		}
	},
	{
		"model": "main.ogeorthogram",
		"pk": "105",
		"fields": {
			"name": "Правописание НЕ с существительными и прилагательными",
			"rule": "НЕ пишется слитно: если слово не употребляется без НЕ (ненастье), если можно заменить синонимом без НЕ (небольшой = маленький). НЕ пишется раздельно: если есть противопоставление с союзом А, если есть слова далеко не, вовсе не, отнюдь не.",
			"letters": "не слитно,не раздельно",
			"grades": "",
			"created_at": "2026-03-17T12:09:39.364Z"
		}
	},
	{
		"model": "main.ogeorthogramexample",
		"pk": 2,
		"fields": {
			"orthogram": "101",
			"text": "Хотя шмель вышел из зимнего сна благодаря теплу, но всё-таки было прохладно, и шмель начал согревать себя сам, быстро сокращая мышцы груди и оставляя неподвижными крылья. Он разогревался, как мотор, и желание полёта возникало в нём всё настойчивее.",
			"masked_word": "Хотя шмель вышел из зимнего сна бл*101*годаря теплу, но всё-таки было прохладно, и шмель нач*101*л с*101*гревать себя сам, быстро сокр*101*щая мышцы груди и ост*101*вляя неп*101*движными крыл*101*я. Он р*101*зогревался, как м*101*тор, и желание п*101*лёта возникало в нём всё настойчивее.",
			"incorrect_variant": null,
			"explanation": "",
			"correct_letters": "а|а/о/е,а|а/о/е,о|а/о/е,а|а/о/е,а|а/о/е,о|а/о/е,ь|ь/ъ,а|а/о/е,о|а/о/е,о|а/о/е",
			"difficulty": 1,
			"is_for_quiz": false,
			"is_active": true,
			"is_user_added": false,
			"added_by": null,
			"source_field": "",
			"grades": "",
			"created_at": "2026-03-02T15:20:45.679Z"
		}
	},
	{
		"model": "main.ogeorthogramexample",
		"pk": 3,
		"fields": {
			"orthogram": "101",
			"text": "Трава зеленела на лугу. Река текла по долине.",
			"masked_word": "Тр*101*ва зел*101*нела на лугу. Р*101*ка текла по д*101*лине.",
			"incorrect_variant": null,
			"explanation": "",
			"correct_letters": "а|а/о/е,е|а/е/и,е|а/е/и,о|а/о/е",
			"difficulty": 1,
			"is_for_quiz": false,
			"is_active": true,
			"is_user_added": false,
			"added_by": null,
			"source_field": "",
			"grades": "",
			"created_at": "2026-03-17T12:09:39.371Z"
		}
	},
	{
		"model": "main.ogeorthogramexample",
		"pk": 4,
		"fields": {
			"orthogram": "101",
			"text": "Весна пришла. Поля зазеленели. Деревья расцвели.",
			"masked_word": "В*101*сна пришла. П*101*ля з*101*зел*101*нели. Д*101*р*101*вья р*101*сцвели.",
			"incorrect_variant": null,
			"explanation": "",
			"correct_letters": "е|а/е/и,о|а/о/е,а|а/о/е,е|а/е/и,е|а/е/и,е|а/е/и,а|а/о/е",
			"difficulty": 1,
			"is_for_quiz": false,
			"is_active": true,
			"is_user_added": false,
			"added_by": null,
			"source_field": "",
			"grades": "",
			"created_at": "2026-03-17T12:09:39.382Z"
		}
	},
	{
		"model": "main.ogeorthogramexample",
		"pk": 5,
		"fields": {
			"orthogram": "101",
			"text": "Молодой садовник поливал цветы. Берёза стояла у дороги.",
			"masked_word": "М*101*л*101*дой с*101*довник п*101*ливал цв*101*ты. Б*101*рёза ст*101*яла у д*101*роги.",
			"incorrect_variant": null,
			"explanation": "",
			"correct_letters": "о|а/о/е,о|а/о/е,а|а/о/е,о|а/о/е,е|а/е/и,е|а/е/и,о|а/о/е,о|а/о/е",
			"difficulty": 1,
			"is_for_quiz": false,
			"is_active": true,
			"is_user_added": false,
			"added_by": null,
			"source_field": "",
			"grades": "",
			"created_at": "2026-03-17T12:09:39.390Z"
		}
	},
	{
		"model": "main.ogeorthogramexample",
		"pk": 6,
		"fields": {
			"orthogram": "102",
			"text": "Туманное утро. Традиционный праздник. Рваная рубашка.",
			"masked_word": "Тума*102*ое утро. Традицио*102*ый праздник. Рва*102*ая рубашка.",
			"incorrect_variant": null,
			"explanation": "",
			"correct_letters": "нн|н/нн,нн|н/нн,н|н/нн",
			"difficulty": 1,
			"is_for_quiz": false,
			"is_active": true,
			"is_user_added": false,
			"added_by": null,
			"source_field": "",
			"grades": "",
			"created_at": "2026-03-17T12:09:39.397Z"
		}
	},
	{
		"model": "main.ogeorthogramexample",
		"pk": 7,
		"fields": {
			"orthogram": "102",
			"text": "Серебряная ложка. Глиняный горшок. Деревянный стол. Стеклянная ваза.",
			"masked_word": "Серебря*102*ая ложка. Гли*102*яный горшок. Дереве*102*ый стол. Стекля*102*ая ваза.",
			"incorrect_variant": null,
			"explanation": "",
			"correct_letters": "н|н/нн,н|н/нн,нн|н/нн,нн|н/нн",
			"difficulty": 1,
			"is_for_quiz": false,
			"is_active": true,
			"is_user_added": false,
			"added_by": null,
			"source_field": "",
			"grades": "",
			"created_at": "2026-03-17T12:09:39.406Z"
		}
	},
	{
		"model": "main.ogeorthogramexample",
		"pk": 8,
		"fields": {
			"orthogram": "102",
			"text": "Написанное сочинение. Прочитанная книга. Незваный гость.",
			"masked_word": "Написа*102*ое сочинение. Прочита*102*ая книга. Незва*102*ый гость.",
			"incorrect_variant": null,
			"explanation": "",
			"correct_letters": "нн|н/нн,нн|н/нн,н|н/нн",
			"difficulty": 1,
			"is_for_quiz": false,
			"is_active": true,
			"is_user_added": false,
			"added_by": null,
			"source_field": "",
			"grades": "",
			"created_at": "2026-03-17T12:09:39.414Z"
		}
	},
	{
		"model": "main.ogeorthogramexample",
		"pk": 9,
		"fields": {
			"orthogram": "103",
			"text": "Прекрасный закат. Приехал друг. Преграда на пути. Пришёл домой.",
			"masked_word": "*103*красный закат. *103*ехал друг. *103*града на пути. *103*шёл домой.",
			"incorrect_variant": null,
			"explanation": "",
			"correct_letters": "пре|пре/при,при|пре/при,пре|пре/при,при|пре/при",
			"difficulty": 1,
			"is_for_quiz": false,
			"is_active": true,
			"is_user_added": false,
			"added_by": null,
			"source_field": "",
			"grades": "",
			"created_at": "2026-03-17T12:09:39.420Z"
		}
	},
	{
		"model": "main.ogeorthogramexample",
		"pk": 10,
		"fields": {
			"orthogram": "103",
			"text": "Прибить гвоздь. Превратить воду. Приоткрыть дверь. Превысить скорость.",
			"masked_word": "*103*бить гвоздь. *103*вратить воду. *103*открыть дверь. *103*высить скорость.",
			"incorrect_variant": null,
			"explanation": "",
			"correct_letters": "при|пре/при,пре|пре/при,при|пре/при,пре|пре/при",
			"difficulty": 1,
			"is_for_quiz": false,
			"is_active": true,
			"is_user_added": false,
			"added_by": null,
			"source_field": "",
			"grades": "",
			"created_at": "2026-03-17T12:09:39.426Z"
		}
	},
	{
		"model": "main.ogeorthogramexample",
		"pk": 11,
		"fields": {
			"orthogram": "104",
			"text": "Шёпот леса. Жёлтый лист. Чёрная кошка. Шорох травы.",
			"masked_word": "Ш*104*пот леса. Ж*104*лтый лист. Ч*104*рная кошка. Ш*104*рох травы.",
			"incorrect_variant": null,
			"explanation": "",
			"correct_letters": "ё|о/е/ё,ё|о/е/ё,ё|о/е/ё,о|о/е/ё",
			"difficulty": 1,
			"is_for_quiz": false,
			"is_active": true,
			"is_user_added": false,
			"added_by": null,
			"source_field": "",
			"grades": "",
			"created_at": "2026-03-17T12:09:39.432Z"
		}
	},
	{
		"model": "main.ogeorthogramexample",
		"pk": 12,
		"fields": {
			"orthogram": "104",
			"text": "Крыжовник созрел. Шофёр устал. Жонглёр выступал. Трещотка стучала.",
			"masked_word": "Кр*104*жовник созрел. Ш*104*фёр устал. Ж*104*нглёр выступал. Тр*104*щотка стучала.",
			"incorrect_variant": null,
			"explanation": "",
			"correct_letters": "ы|ы/е,о|о/е/ё,о|о/е/ё,е|о/е",
			"difficulty": 1,
			"is_for_quiz": false,
			"is_active": true,
			"is_user_added": false,
			"added_by": null,
			"source_field": "",
			"grades": "",
			"created_at": "2026-03-17T12:09:39.438Z"
		}
	},
	{
		"model": "main.ogecorrectionexercise",
		"pk": 2,
		"fields": {
			"incorrect_text": "вишня",
			"correct_text": "вишен",
			"explanation": "Для украшения десерта вам потребуется несколько (вишня).",
			"exercise_id": "711",
			"grades": "",
			"is_active": true,
			"is_for_quiz": false,
			"created_at": "2026-03-02T15:20:47.312Z"
		}
	},
	{
		"model": "main.ogecorrectionexercise",
		"pk": 3,
		"fields": {
			"incorrect_text": "пальто",
			"correct_text": "пальто",
			"explanation": "Модельер создал элегантное (пальто) из шерсти.",
			"exercise_id": "711",
			"grades": "",
			"is_active": true,
			"is_for_quiz": false,
			"created_at": "2026-03-17T12:09:39.445Z"
		}
	},
	{
		"model": "main.ogecorrectionexercise",
		"pk": 4,
		"fields": {
			"incorrect_text": "берёза",
			"correct_text": "берёз",
			"explanation": "В лесу росло много (берёза).",
			"exercise_id": "711",
			"grades": "",
			"is_active": true,
			"is_for_quiz": false,
			"created_at": "2026-03-17T12:09:39.451Z"
		}
	},
	{
		"model": "main.ogecorrectionexercise",
		"pk": 5,
		"fields": {
			"incorrect_text": "яблоко",
			"correct_text": "яблок",
			"explanation": "На столе лежало несколько (яблоко).",
			"exercise_id": "711",
			"grades": "",
			"is_active": true,
			"is_for_quiz": false,
			"created_at": "2026-03-17T12:09:39.460Z"
		}
	},
	{
		"model": "main.ogecorrectionexercise",
		"pk": 6,
		"fields": {
			"incorrect_text": "солдат",
			"correct_text": "солдат",
			"explanation": "В параде участвовало пятьсот (солдат).",
			"exercise_id": "711",
			"grades": "",
			"is_active": true,
			"is_for_quiz": false,
			"created_at": "2026-03-17T12:09:39.468Z"
		}
	},
	{
		"model": "main.ogecorrectionexercise",
		"pk": 7,
		"fields": {
			"incorrect_text": "носок",
			"correct_text": "носков",
			"explanation": "В магазине продавалось много пар (носок).",
			"exercise_id": "711",
			"grades": "",
			"is_active": true,
			"is_for_quiz": false,
			"created_at": "2026-03-17T12:09:39.474Z"
		}
	},
	{
		"model": "main.ogecorrectionexercise",
		"pk": 8,
		"fields": {
			"incorrect_text": "помидор",
			"correct_text": "помидоров",
			"explanation": "На рынке не осталось свежих (помидор).",
			"exercise_id": "711",
			"grades": "",
			"is_active": true,
			"is_for_quiz": false,
			"created_at": "2026-03-17T12:09:39.483Z"
		}
	},
	{
		"model": "main.ogecorrectionexercise",
		"pk": 9,
		"fields": {
			"incorrect_text": "полотенце",
			"correct_text": "полотенец",
			"explanation": "В ванной висело несколько (полотенце).",
			"exercise_id": "711",
			"grades": "",
			"is_active": true,
			"is_for_quiz": false,
			"created_at": "2026-03-17T12:09:39.491Z"
		}
	},
	{
		"model": "main.ogecorrectionexercise",
		"pk": 10,
		"fields": {
			"incorrect_text": "апельсин",
			"correct_text": "апельсинов",
			"explanation": "В корзине лежало пять (апельсин).",
			"exercise_id": "711",
			"grades": "",
			"is_active": true,
			"is_for_quiz": false,
			"created_at": "2026-03-17T12:09:39.497Z"
		}
	},
	{
		"model": "main.ogecorrectionexercise",
		"pk": 11,
		"fields": {
			"incorrect_text": "чулок",
			"correct_text": "чулок",
			"explanation": "В магазине купили пару (чулок).",
			"exercise_id": "711",
			"grades": "",
			"is_active": true,
			"is_for_quiz": false,
			"created_at": "2026-03-17T12:09:39.503Z"
		}
	},
	{
		"model": "main.ogecorrectionexercise",
		"pk": 12,
		"fields": {
			"incorrect_text": "место",
			"correct_text": "мест",
			"explanation": "В зале не было свободных (место).",
			"exercise_id": "711",
			"grades": "",
			"is_active": true,
			"is_for_quiz": false,
			"created_at": "2026-03-17T12:09:39.510Z"
		}
	},
	{
		"model": "main.ogewordok",
		"pk": 2,
		"fields": {
			"text": "Замените словосочетание «турецкий кофе», построенное на основе согласования, синонимичным словосочетанием со связью примыкание. Напишите получившееся словосочетание, соблюдая нормы современного русского литературного языка.",
			"task_type": "6200",
			"correct_variants": "кофе по-турецки",
			"is_active": true,
			"is_for_quiz": false,
			"grades": ""
		}
	},
	{
		"model": "main.ogewordok",
		"pk": 3,
		"fields": {
			"text": "Замените словосочетание «стеклянная ваза» (согласование) на управление.",
			"task_type": "",
			"correct_variants": "ваза из стекла",
			"is_active": true,
			"is_for_quiz": false,
			"grades": ""
		}
	},
	{
		"model": "main.ogewordok",
		"pk": 4,
		"fields": {
			"text": "Замените словосочетание «бежать быстро» (примыкание) на управление.",
			"task_type": "",
			"correct_variants": "бежать с быстротой",
			"is_active": true,
			"is_for_quiz": false,
			"grades": ""
		}
	},
	{
		"model": "main.ogewordok",
		"pk": 5,
		"fields": {
			"text": "Замените словосочетание «деревянный стол» (согласование) на управление.",
			"task_type": "",
			"correct_variants": "стол из дерева",
			"is_active": true,
			"is_for_quiz": false,
			"grades": ""
		}
	},
	{
		"model": "main.ogewordok",
		"pk": 6,
		"fields": {
			"text": "Замените словосочетание «громко петь» (примыкание) на управление.",
			"task_type": "",
			"correct_variants": "петь с громкостью",
			"is_active": true,
			"is_for_quiz": false,
			"grades": ""
		}
	},
	{
		"model": "main.ogewordok",
		"pk": 7,
		"fields": {
			"text": "Замените словосочетание «мамина сумка» (согласование) на управление.",
			"task_type": "",
			"correct_variants": "сумка мамы",
			"is_active": true,
			"is_for_quiz": false,
			"grades": ""
		}
	},
	{
		"model": "main.ogewordok",
		"pk": 8,
		"fields": {
			"text": "Замените словосочетание «золотое кольцо» (согласование) на управление.",
			"task_type": "",
			"correct_variants": "кольцо из золота",
			"is_active": true,
			"is_for_quiz": false,
			"grades": ""
		}
	},
	{
		"model": "main.ogewordok",
		"pk": 9,
		"fields": {
			"text": "Замените словосочетание «читать вслух» (примыкание) на управление.",
			"task_type": "",
			"correct_variants": "читать вслух,читать громко",
			"is_active": true,
			"is_for_quiz": false,
			"grades": ""
		}
	},
	{
		"model": "main.ogewordok",
		"pk": 10,
		"fields": {
			"text": "Замените словосочетание «папин портфель» (согласование) на управление.",
			"task_type": "",
			"correct_variants": "портфель папы,портфель отца",
			"is_active": true,
			"is_for_quiz": false,
			"grades": ""
		}
	},
	{
		"model": "main.ogewordok",
		"pk": 11,
		"fields": {
			"text": "Замените словосочетание «кожаный ремень» (согласование) на управление.",
			"task_type": "",
			"correct_variants": "ремень из кожи",
			"is_active": true,
			"is_for_quiz": false,
			"grades": ""
		}
	},
	{
		"model": "main.ogewordok",
		"pk": 12,
		"fields": {
			"text": "Замените словосочетание «серебряная цепочка» (согласование) на управление.",
			"task_type": "",
			"correct_variants": "цепочка из серебра",
			"is_active": true,
			"is_for_quiz": false,
			"grades": ""
		}
	}
]
